{
    "MIIPFHKKF": "MIIPFHKKF",
    "KIFNFYPRK": "KIFNFYPRK",
    "VLNGNDNTI": "VLNGNDNTI",
    "RLNLFCFSFL": "RLNLFCFSFL",
    "KPILWRGLK": "KPILWRGLK",
    "FRMFLTQGF": "FRMFLTQGF",
    "LPPPPPNNL": "LPPPPPNNL",
    "SPNDNINVT": "SPNDNINVT",
    "GLSPHDTMQK": "GLSPHDTMQK",
    "KRHEVPVPL": "KRHEVPVPL",
    "KLPPLLNEI": "KLPPLLNEI",
    "FLKKKNITL": "FLKKKNITL",
    "VIHYGINPV": "VIHYGINPV",
    "RRFSSLYSF": "RRFSSLYSF",
    "CPRKNLQNA": "CPRKNLQNA",
    "QYLKDGGFAF": "QYLKDGGFAF",
    "SFIKKYSVF": "SFIKKYSVF",
    "RAEISRNDL": "RAEISRNDL",
    "PFHKKFISFF": "PFHKKFISFF",
    "DMKNYGTNLF": "DMKNYGTNLF",
    "WRNSFLLRY": "WRNSFLLRY",
    "SLFITSDHL": "SLFITSDHL",
    "RPNDCESVL": "RPNDCESVL",
    "KMKSDQYPI": "KMKSDQYPI",
    "KMYSEFKSI": "KMYSEFKSI",
    "GRIAFSLKY": "GRIAFSLKY",
    "KRRLLILGR": "KRRLLILGR",
    "WYKYTESDF": "WYKYTESDF",
    "FRQSLYLKI": "FRQSLYLKI",
    "HIYVQKKVK": "HIYVQKKVK",
    "GRWALHSAF": "GRWALHSAF",
    "RSSGSTFSIK": "RSSGSTFSIK",
    "SLQPRGSFK": "SLQPRGSFK",
    "KYLFIPSHN": "KYLFIPSHN",
    "RRHCRSYNR": "RRHCRSYNR",
    "FRICPIFVF": "FRICPIFVF",
    "RLMFFRPIK": "RLMFFRPIK",
    "KRFLHRQPL": "KRFLHRQPL",
    "LICGVSPYK": "LICGVSPYK",
    "PYISKYGNKL": "PYISKYGNKL",
    "SMTNIPMNV": "SMTNIPMNV",
    "HCRDKTSAL": "HCRDKTSAL",
    "MDFPKLLNK": "MDFPKLLNK",
    "KLPLESSTI": "KLPLESSTI",
    "LLFQKAANL": "LLFQKAANL",
    "HPMPINIKL": "HPMPINIKL",
    "DFVIIPHYTF": "DFVIIPHYTF",
    "IYKRELYNI": "IYKRELYNI",
    "YLNKYVYTI": "YLNKYVYTI",
    "KVMTDPSRK": "KVMTDPSRK",
    "EYKDEYADI": "EYKDEYADI",
    "AYVSCYRVSF": "AYVSCYRVSF",
    "TTYSPIGEK": "TTYSPIGEK",
    "FVLENGVCI": "FVLENGVCI",
    "HPKYRNFKF": "HPKYRNFKF",
    "YTIGLPPYI": "YTIGLPPYI",
    "FVIIPHYTF": "FVIIPHYTF",
    "IKLNIWRTF": "IKLNIWRTF",
    "KNYDNYNMK": "KNYDNYNMK",
    "IPMNVNPNI": "IPMNVNPNI",
    "YYPIIRKQF": "YYPIIRKQF",
    "LFIPSHNSF": "LFIPSHNSF",
    "EYPLHQEHTY": "EYPLHQEHTY",
    "YRIYDIPPK": "YRIYDIPPK",
    "KLKLPIIMK": "KLKLPIIMK",
    "RVAKNTKKL": "RVAKNTKKL",
    "KPNVNHTEL": "KPNVNHTEL",
    "SLLTPPSTK": "SLLTPPSTK",
    "VIIPHYTFL": "VIIPHYTFL",
    "NFGRGQNYW": "NFGRGQNYW",
    "TMANQNMNYK": "TMANQNMNYK",
    "YYRSSRGECI": "YYRSSRGECI",
    "IFFNNENSI": "IFFNNENSI",
    "LTHKYNEFV": "LTHKYNEFV",
    "HRYFFFVAM": "HRYFFFVAM",
    "RASHTTPVL": "RASHTTPVL",
    "LPDINKSKF": "LPDINKSKF",
    "RISGWKGDNK": "RISGWKGDNK",
    "IWRTFQKDEL": "IWRTFQKDEL",
    "ITNKNKVTIY": "ITNKNKVTIY",
    "AMYQRAKLK": "AMYQRAKLK",
    "NPLGEADSL": "NPLGEADSL",
    "SLTHKYNEF": "SLTHKYNEF",
    "KRTNVGILK": "KRTNVGILK",
    "LRILRIKLR": "LRILRIKLR",
    "SYFTYDSEEY": "SYFTYDSEEY",
    "FRFFATPAL": "FRFFATPAL",
    "RRTQRYFMK": "RRTQRYFMK",
    "RYNLYDKKL": "RYNLYDKKL",
    "RPYISKNDL": "RPYISKNDL",
    "SLIKQNKYV": "SLIKQNKYV",
    "KVKDSWITL": "KVKDSWITL",
    "ARWTAFFGV": "ARWTAFFGV",
    "YRHLFKVFR": "YRHLFKVFR",
    "ASFSASTGY": "ASFSASTGY",
    "HYGINPVQL": "HYGINPVQL",
    "KYDPRISGW": "KYDPRISGW",
    "FQYNDDASI": "FQYNDDASI",
    "KLLNKPSLDL": "KLLNKPSLDL",
    "FCFSFLKSSK": "FCFSFLKSSK",
    "YPIEKLGHV": "YPIEKLGHV",
    "ARFAVNLRL": "ARFAVNLRL",
    "NMNYKQNNF": "NMNYKQNNF",
    "GYSTKAENKI": "GYSTKAENKI",
    "SYRYDISEEI": "SYRYDISEEI",
    "TMANQNMNY": "TMANQNMNY",
    "NYMGNPWTE": "NYMGNPWTE",
    "LISTDIIFL": "LISTDIIFL",
    "ASSFLKSFY": "ASSFLKSFY",
    "DTDSRFISY": "DTDSRFISY",
    "FATCLGLFY": "FATCLGLFY",
    "FSDVGEVPY": "FSDVGEVPY",
    "FTDRERHCF": "FTDRERHCF",
    "ISVATFLPY": "ISVATFLPY",
    "LTQGYIYFY": "LTQGYIYFY",
    "LTVDYATFY": "LTVDYATFY",
    "MLDIIKAIY": "MLDIIKAIY",
    "QLDVSRLWY": "QLDVSRLWY",
    "SSDCSAWYM": "SSDCSAWYM",
    "VSEGGCFCY": "VSEGGCFCY",
    "ATLFSDSWYY": "ATLFSDSWYY",
    "ELTQGYIYFY": "ELTQGYIYFY",
    "FSSPTHSLYV": "FSSPTHSLYV",
    "FTNESYLELY": "FTNESYLELY",
    "FTQEDPQMVY": "FTQEDPQMVY",
    "LLDEPSAHLY": "LLDEPSAHLY",
    "LSDGPSMGRY": "LSDGPSMGRY",
    "RCVDWLIAVY": "RCVDWLIAVY",
    "ALDKNLHQL": "ALDKNLHQL",
    "ALHEEVVCV": "ALHEEVVCV",
    "ALPPTVYEV": "ALPPTVYEV",
    "AVLGSFSYV": "AVLGSFSYV",
    "AVPGGGMPI": "AVPGGGMPI",
    "FIWLATRRV": "FIWLATRRV",
    "FIYLFVTET": "FIYLFVTET",
    "FLCNARVKV": "FLCNARVKV",
    "FLDEGFSGL": "FLDEGFSGL",
    "FLDKFMEAV": "FLDKFMEAV",
    "FLDPDLTNI": "FLDPDLTNI",
    "FLGSLLILV": "FLGSLLILV",
    "FLLWKATGV": "FLLWKATGV",
    "FLNDASACV": "FLNDASACV",
    "FLSELEASV": "FLSELEASV",
    "FLTKLVHLV": "FLTKLVHLV",
    "FLVESQLHL": "FLVESQLHL",
    "FMATYEINV": "FMATYEINV",
    "FMKDGLTGA": "FMKDGLTGA",
    "FSDYVQCFL": "FSDYVQCFL",
    "FVLEHEDGL": "FVLEHEDGL",
    "GLKDLLNPI": "GLKDLLNPI",
    "GLSEKCSLV": "GLSEKCSLV",
    "GLSKYRPAI": "GLSKYRPAI",
    "GLTFKDVTV": "GLTFKDVTV",
    "GMLTNIWTV": "GMLTNIWTV",
    "GQFGKVWMA": "GQFGKVWMA",
    "HLIGGIQVL": "HLIGGIQVL",
    "HLMNIAIIA": "HLMNIAIIA",
    "ILYHGNLVV": "ILYHGNLVV",
    "KAWENFPNV": "KAWENFPNV",
    "KIFLCNARV": "KIFLCNARV",
    "KLADFGLAC": "KLADFGLAC",
    "KLINSQINL": "KLINSQINL",
    "KLLNCPCPA": "KLLNCPCPA",
    "KLLSEFFSC": "KLLSEFFSC",
    "KLNPSQNVV": "KLNPSQNVV",
    "KLYESFYGP": "KLYESFYGP",
    "KMLDGLESL": "KMLDGLESL",
    "KTIQTIVFL": "KTIQTIVFL",
    "KTIYKYVHL": "KTIYKYVHL",
    "LIIENRYAV": "LIIENRYAV",
    "LLAAGLGRA": "LLAAGLGRA",
    "LLAKQLYRV": "LLAKQLYRV",
    "LLAPLIATL": "LLAPLIATL",
    "LLFGPSCAL": "LLFGPSCAL",
    "LLLLPLSVA": "LLLLPLSVA",
    "LLLSSLGYL": "LLLSSLGYL",
    "LLPGNNWKV": "LLPGNNWKV",
    "LLSEFFSCL": "LLSEFFSCL",
    "LLSFHSVFT": "LLSFHSVFT",
    "LLSNELHRL": "LLSNELHRL",
    "LLYDHPLKV": "LLYDHPLKV",
    "LMMHSATSA": "LMMHSATSA",
    "LQVCWLQSA": "LQVCWLQSA",
    "LVADVLSPV": "LVADVLSPV",
    "MLIILAGFL": "MLIILAGFL",
    "MLVSTMPVV": "MLVSTMPVV",
    "NILGFTFDI": "NILGFTFDI",
    "NLFLFIDKL": "NLFLFIDKL",
    "NLINEAMDV": "NLINEAMDV",
    "QLLKFIPSL": "QLLKFIPSL",
    "QLSSVRCYV": "QLSSVRCYV",
    "RLIGLMMTA": "RLIGLMMTA",
    "RLLRGYDQV": "RLLRGYDQV",
    "RLMDSAQVA": "RLMDSAQVA",
    "RLMGINSTA": "RLMGINSTA",
    "RLSEVMARM": "RLSEVMARM",
    "RLVLQLLEL": "RLVLQLLEL",
    "RMGQTVIAV": "RMGQTVIAV",
    "RVYDALNLL": "RVYDALNLL",
    "SLHDLTDGV": "SLHDLTDGV",
    "SLHPSAPFL": "SLHPSAPFL",
    "SLLAARQLL": "SLLAARQLL",
    "SLLLLPLSV": "SLLLLPLSV",
    "SLSEARQDV": "SLSEARQDV",
    "SLSSDFNPL": "SLSSDFNPL",
    "SVLSALFSI": "SVLSALFSI",
    "TIITQLSSV": "TIITQLSSV",
    "TLFHDLWKL": "TLFHDLWKL",
    "TVWDFTLEL": "TVWDFTLEL",
    "VLASLCLYV": "VLASLCLYV",
    "VLFDRLSKL": "VLFDRLSKL",
    "VLSALFSIT": "VLSALFSIT",
    "YITKRIIAV": "YITKRIIAV",
    "YIYNPSLAL": "YIYNPSLAL",
    "YLAVDALEL": "YLAVDALEL",
    "YLDVFVHAI": "YLDVFVHAI",
    "YLFIKDNEI": "YLFIKDNEI",
    "YLIIENRYA": "YLIIENRYA",
    "YLLIHGTAV": "YLLIHGTAV",
    "YLLQKLSCL": "YLLQKLSCL",
    "YLNEAVFNF": "YLNEAVFNF",
    "YLYHRVDVI": "YLYHRVDVI",
    "YMWRWKQFL": "YMWRWKQFL",
    "YQANVVWKV": "YQANVVWKV",
    "YQSPDLSKV": "YQSPDLSKV",
    "YVYKIVSQL": "YVYKIVSQL",
    "ALDHMFMYFL": "ALDHMFMYFL",
    "ALGVYGGPYV": "ALGVYGGPYV",
    "ALKEIIPQCI": "ALKEIIPQCI",
    "ALSDGPIDAV": "ALSDGPIDAV",
    "ALVNQQFLCV": "ALVNQQFLCV",
    "AVYCACFVEL": "AVYCACFVEL",
    "FIAEQILATL": "FIAEQILATL",
    "FLGSLLILVV": "FLGSLLILVV",
    "FLLDETEVSV": "FLLDETEVSV",
    "FLNCDIMLGV": "FLNCDIMLGV",
    "FQLRTADWHL": "FQLRTADWHL",
    "FVANLFNTYL": "FVANLFNTYL",
    "FYLGSAYHAA": "FYLGSAYHAA",
    "GLFEDTNLFA": "GLFEDTNLFA",
    "GQEGKYDLLV": "GQEGKYDLLV",
    "IMGQQPAPQV": "IMGQQPAPQV",
    "KLHVSVEAFV": "KLHVSVEAFV",
    "KLLSEFFSCL": "KLLSEFFSCL",
    "KLLSFHSVFT": "KLLSFHSVFT",
    "KLPYSYNLCV": "KLPYSYNLCV",
    "KLVVVGAAGV": "KLVVVGAAGV",
    "KMGKTIYKYV": "KMGKTIYKYV",
    "LLKAGWQNLV": "LLKAGWQNLV",
    "LLLPGNNWKV": "LLLPGNNWKV",
    "LLQVCWLQSA": "LLQVCWLQSA",
    "LLRMNQSQFI": "LLRMNQSQFI",
    "LMMHSATSAT": "LMMHSATSAT",
    "LQDSGLWFPV": "LQDSGLWFPV",
    "MLFARHLREV": "MLFARHLREV",
    "MLNTSVPNYM": "MLNTSVPNYM",
    "MLPSNYVEAI": "MLPSNYVEAI",
    "NSLLLLPLSV": "NSLLLLPLSV",
    "QLVMVLVGGL": "QLVMVLVGGL",
    "RLLRPIYDYL": "RLLRPIYDYL",
    "RLMGINSTAA": "RLMGINSTAA",
    "RLPGLILYTL": "RLPGLILYTL",
    "SEQMDVAFQV": "SEQMDVAFQV",
    "SLLLLPLSVA": "SLLLLPLSVA",
    "SLSSDFNPLV": "SLSSDFNPLV",
    "SLYELEKEFL": "SLYELEKEFL",
    "TLYLRNNQLV": "TLYLRNNQLV",
    "TMMCVSRNEL": "TMMCVSRNEL",
    "VLASLCLYVV": "VLASLCLYVV",
    "VLFDRLSKLA": "VLFDRLSKLA",
    "VLMMHSATSA": "VLMMHSATSA",
    "VLVADVLSPV": "VLVADVLSPV",
    "VSVLSALFSI": "VSVLSALFSI",
    "WQLDALDFLV": "WQLDALDFLV",
    "YAVQDFLHEI": "YAVQDFLHEI",
    "YLIIENRYAV": "YLIIENRYAV",
    "YLNEAVFNFV": "YLNEAVFNFV",
    "YLYVYKIVSQ": "YLYVYKIVSQ",
    "YMPGVGDFAV": "YMPGVGDFAV",
    "FLAFTGVAGYI": "FLAFTGVAGYI",
    "FLPKQGQIFCL": "FLPKQGQIFCL",
    "FLREYLYVYKI": "FLREYLYVYKI",
    "FLYELEEKMEV": "FLYELEEKMEV",
    "FNVLFDRLSKL": "FNVLFDRLSKL",
    "LLLPLSVARPL": "LLLPLSVARPL",
    "LMMHSATSATV": "LMMHSATSATV",
    "SMLFARHLREV": "SMLFARHLREV",
    "SQYEYTVLLSV": "SQYEYTVLLSV",
    "YLALPPTVYEV": "YLALPPTVYEV",
    "YLVVADVCPKV": "YLVVADVCPKV",
    "ALYFNSQWK": "ALYFNSQWK",
    "GIKAHPVLK": "GIKAHPVLK",
    "GLLAAGLGR": "GLLAAGLGR",
    "KAPVGHFYK": "KAPVGHFYK",
    "KIVEMSTSK": "KIVEMSTSK",
    "KMFCAGYPK": "KMFCAGYPK",
    "KVYDIAFSR": "KVYDIAFSR",
    "MLNTSVPNY": "MLNTSVPNY",
    "RIALWPLAY": "RIALWPLAY",
    "RLFPYALHK": "RLFPYALHK",
    "RTREFTAKK": "RTREFTAKK",
    "SLSNFPQLK": "SLSNFPQLK",
    "SVFTSVRRK": "SVFTSVRRK",
    "TLWEQFLEK": "TLWEQFLEK",
    "TSARTENFK": "TSARTENFK",
    "VIDAAVLLK": "VIDAAVLLK",
    "ADVLSPVLVK": "ADVLSPVLVK",
    "ALLPPPPLAK": "ALLPPPPLAK",
    "ATRYNYTSEK": "ATRYNYTSEK",
    "AVRVLFPGIK": "AVRVLFPGIK",
    "CRLFPYALHK": "CRLFPYALHK",
    "CVIDAAVLLK": "CVIDAAVLLK",
    "GLSFHLQSSK": "GLSFHLQSSK",
    "GMLNTSVPNY": "GMLNTSVPNY",
    "KEAADPLAFK": "KEAADPLAFK",
    "KINRALTAAK": "KINRALTAAK",
    "KIYTGEKPYK": "KIYTGEKPYK",
    "KLHVASLSFR": "KLHVASLSFR",
    "KSATRRPVWK": "KSATRRPVWK",
    "MFYAVRWGRK": "MFYAVRWGRK",
    "RKSNRVKTCK": "RKSNRVKTCK",
    "RTGKGQPCNK": "RTGKGQPCNK",
    "RVDFSATWYK": "RVDFSATWYK",
    "STLFRVVVAK": "STLFRVVVAK",
    "SVEAFVCHRK": "SVEAFVCHRK",
    "GSNNLILIY": "GSNNLILIY",
    "KQLYRVFQK": "KQLYRVFQK",
    "MLSSHIATK": "MLSSHIATK",
    "RISASCATR": "RISASCATR",
    "RLLRPIYDY": "RLLRPIYDY",
    "SALANPIGK": "SALANPIGK",
    "SMLFARHLR": "SMLFARHLR",
    "SVSDSHVYK": "SVSDSHVYK",
    "VIAVASSMR": "VIAVASSMR",
    "VTFNGQVFK": "VTFNGQVFK",
    "VVGAAGVGK": "VVGAAGVGK",
    "FTANPPSQTK": "FTANPPSQTK",
    "GAFMRPITLK": "GAFMRPITLK",
    "GVLPNYSEGK": "GVLPNYSEGK",
    "KIFLCNARVK": "KIFLCNARVK",
    "LSVSDSHVYK": "LSVSDSHVYK",
    "NLWPVPHGLK": "NLWPVPHGLK",
    "RSMLFARHLR": "RSMLFARHLR",
    "SPLCNFNIIK": "SPLCNFNIIK",
    "SQYCRPISTK": "SQYCRPISTK",
    "SVSDSHVYKY": "SVSDSHVYKY",
    "TDTGVHATLK": "TDTGVHATLK",
    "VVVGAAGVGK": "VVVGAAGVGK",
    "YSNFISHLAK": "YSNFISHLAK",
    "AWLLRKNFF": "AWLLRKNFF",
    "AYGNNCDGI": "AYGNNCDGI",
    "AYYFMVKVW": "AYYFMVKVW",
    "IYANMFKKF": "IYANMFKKF",
    "PWQASLFHL": "PWQASLFHL",
    "RVVSGAYYF": "RVVSGAYYF",
    "VYCEEYYLF": "VYCEEYYLF",
    "AYQKAPTKQF": "AYQKAPTKQF",
    "LDYVENLAKF": "LDYVENLAKF",
    "LLYEDVFPVW": "LLYEDVFPVW",
    "QPWQASLFHL": "QPWQASLFHL",
    "RHSPAPFSKF": "RHSPAPFSKF",
    "RMPKLLKSLF": "RMPKLLKSLF",
    "SLVPCLPEFF": "SLVPCLPEFF",
    "VFIQTRGGTF": "VFIQTRGGTF",
    "VYCEEYYLFS": "VYCEEYYLFS",
    "VYPFYRFRLI": "VYPFYRFRLI",
    "ATFEEWFPQR": "ATFEEWFPQR",
    "CTFCPPPLPK": "CTFCPPPLPK",
    "DTIDVSKLNR": "DTIDVSKLNR",
    "FSAVNSLIQR": "FSAVNSLIQR",
    "FVFSKYCHRA": "FVFSKYCHRA",
    "ITNFYETAMR": "ITNFYETAMR",
    "MPKMGKTIYK": "MPKMGKTIYK",
    "SSAFLQLTAK": "SSAFLQLTAK",
    "TILGEFQYFK": "TILGEFQYFK",
    "ATAAARGPV": "ATAAARGPV",
    "GPSPSSEAL": "GPSPSSEAL",
    "GPVEEVRAL": "GPVEEVRAL",
    "KPANHRGQL": "KPANHRGQL",
    "LPGLILYTL": "LPGLILYTL",
    "RGRMQTASL": "RGRMQTASL",
    "RPTYEEGFL": "RPTYEEGFL",
    "RPVGGRPGW": "RPVGGRPGW",
    "RPVWKLVKV": "RPVWKLVKV",
    "SPWKDGDEL": "SPWKDGDEL",
    "VPTLGRGGW": "VPTLGRGGW",
    "AIRVRTFRA": "AIRVRTFRA",
    "ALVNKRNAL": "ALVNKRNAL",
    "APFSKFSTF": "APFSKFSTF",
    "DLLLRTAQL": "DLLLRTAQL",
    "EIRSRNNAL": "EIRSRNNAL",
    "ELKEKTLNL": "ELKEKTLNL",
    "EVKEVFQAL": "EVKEVFQAL",
    "FPRKPRPKL": "FPRKPRPKL",
    "FPYCRAHVL": "FPYCRAHVL",
    "FRLLRYQPL": "FRLLRYQPL",
    "HALRRHYHL": "HALRRHYHL",
    "HMKAKLAML": "HMKAKLAML",
    "ILTTRIHKL": "ILTTRIHKL",
    "IVHHRIHTA": "IVHHRIHTA",
    "MIRRRRPTL": "MIRRRRPTL",
    "MLRELSSAF": "MLRELSSAF",
    "NSVRKRMSV": "NSVRKRMSV",
    "WGKLHVASL": "WGKLHVASL",
    "YGYSRVNPM": "YGYSRVNPM",
    "YLLLRNLSI": "YLLLRNLSI",
    "YPRYRLEPM": "YPRYRLEPM",
    "AELLAKQLY": "AELLAKQLY",
    "AEYQDMHSY": "AEYQDMHSY",
    "EAIYETYTW": "EAIYETYTW",
    "EEQCLQWDL": "EEQCLQWDL",
    "EEQEPVQQL": "EEQEPVQQL",
    "EEYYLFSGF": "EEYYLFSGF",
    "GEEVLLHAF": "GEEVLLHAF",
    "KEIIPQCIA": "KEIIPQCIA",
    "QEAWTAAAM": "QEAWTAAAM",
    "REYLYVYKI": "REYLYVYKI",
    "SEGKLPYSY": "SEGKLPYSY",
    "SERVLTEIF": "SERVLTEIF",
    "SESSTIQEV": "SESSTIQEV",
    "AEQQGACPGL": "AEQQGACPGL",
    "EDNKHAPSSW": "EDNKHAPSSW",
    "EEFLDPSRPY": "EEFLDPSRPY",
    "EEVKEVFQAL": "EEVKEVFQAL",
    "GEIFAQRVSW": "GEIFAQRVSW",
    "GENGQNLVKW": "GENGQNLVKW",
    "HEACNCGNTV": "HEACNCGNTV",
    "IENRYAVQDF": "IENRYAVQDF",
    "KEEVKEVFQA": "KEEVKEVFQA",
    "MENIEVYNEF": "MENIEVYNEF",
    "QEAWTAAAMY": "QEAWTAAAMY",
    "REEQCLQWDL": "REEQCLQWDL",
    "REMLKRQERF": "REMLKRQERF",
    "SEVAVSVLSA": "SEVAVSVLSA",
    "VEHINISQDW": "VEHINISQDW"
}