{
    "MIIPFHKKF": {
        "aa": "MIIPFHKKF",
        "smile": "CCC(C)C(NC(=O)C(N)CCSC)C(=O)NC(C(=O)N1CCCC1C(=O)NC(Cc1ccccc1)C(=O)NC(Cc1c[nH]cn1)C(=O)NC(CCCCN)C(=O)NC(CCCCN)C(=O)NC(Cc1ccccc1)C(=O)O)C(C)CC"
    },
    "KIFNFYPRK": {
        "aa": "KIFNFYPRK",
        "smile": "CCC(C)C(NC(=O)C(N)CCCCN)C(=O)NC(Cc1ccccc1)C(=O)NC(CC(N)=O)C(=O)NC(Cc1ccccc1)C(=O)NC(Cc1ccc(O)cc1)C(=O)N1CCCC1C(=O)NC(CCCNC(=N)N)C(=O)NC(CCCCN)C(=O)O"
    },
    "VLNGNDNTI": {
        "aa": "VLNGNDNTI",
        "smile": "CCC(C)C(NC(=O)C(NC(=O)C(CC(N)=O)NC(=O)C(CC(=O)O)NC(=O)C(CC(N)=O)NC(=O)CNC(=O)C(CC(N)=O)NC(=O)C(CC(C)C)NC(=O)C(N)C(C)C)C(C)O)C(=O)O"
    },
    "RLNLFCFSFL": {
        "aa": "RLNLFCFSFL",
        "smile": "CC(C)CC(NC(=O)C(Cc1ccccc1)NC(=O)C(CO)NC(=O)C(Cc1ccccc1)NC(=O)C(CS)NC(=O)C(Cc1ccccc1)NC(=O)C(CC(C)C)NC(=O)C(CC(N)=O)NC(=O)C(CC(C)C)NC(=O)C(N)CCCNC(=N)N)C(=O)O"
    },
    "KPILWRGLK": {
        "aa": "KPILWRGLK",
        "smile": "CCC(C)C(NC(=O)C1CCCN1C(=O)C(N)CCCCN)C(=O)NC(CC(C)C)C(=O)NC(Cc1c[nH]c2ccccc12)C(=O)NC(CCCNC(=N)N)C(=O)NCC(=O)NC(CC(C)C)C(=O)NC(CCCCN)C(=O)O"
    },
    "FRMFLTQGF": {
        "aa": "FRMFLTQGF",
        "smile": "CSCCC(NC(=O)C(CCCNC(=N)N)NC(=O)C(N)Cc1ccccc1)C(=O)NC(Cc1ccccc1)C(=O)NC(CC(C)C)C(=O)NC(C(=O)NC(CCC(N)=O)C(=O)NCC(=O)NC(Cc1ccccc1)C(=O)O)C(C)O"
    },
    "LPPPPPNNL": {
        "aa": "LPPPPPNNL",
        "smile": "CC(C)CC(N)C(=O)N1CCCC1C(=O)N1CCCC1C(=O)N1CCCC1C(=O)N1CCCC1C(=O)N1CCCC1C(=O)NC(CC(N)=O)C(=O)NC(CC(N)=O)C(=O)NC(CC(C)C)C(=O)O"
    },
    "SPNDNINVT": {
        "aa": "SPNDNINVT",
        "smile": "CCC(C)C(NC(=O)C(CC(N)=O)NC(=O)C(CC(=O)O)NC(=O)C(CC(N)=O)NC(=O)C1CCCN1C(=O)C(N)CO)C(=O)NC(CC(N)=O)C(=O)NC(C(=O)NC(C(=O)O)C(C)O)C(C)C"
    },
    "GLSPHDTMQK": {
        "aa": "GLSPHDTMQK",
        "smile": "CSCCC(NC(=O)C(NC(=O)C(CC(=O)O)NC(=O)C(Cc1c[nH]cn1)NC(=O)C1CCCN1C(=O)C(CO)NC(=O)C(CC(C)C)NC(=O)CN)C(C)O)C(=O)NC(CCC(N)=O)C(=O)NC(CCCCN)C(=O)O"
    },
    "KRHEVPVPL": {
        "aa": "KRHEVPVPL",
        "smile": "CC(C)CC(NC(=O)C1CCCN1C(=O)C(NC(=O)C1CCCN1C(=O)C(NC(=O)C(CCC(=O)O)NC(=O)C(Cc1c[nH]cn1)NC(=O)C(CCCNC(=N)N)NC(=O)C(N)CCCCN)C(C)C)C(C)C)C(=O)O"
    },
    "KLPPLLNEI": {
        "aa": "KLPPLLNEI",
        "smile": "CCC(C)C(NC(=O)C(CCC(=O)O)NC(=O)C(CC(N)=O)NC(=O)C(CC(C)C)NC(=O)C(CC(C)C)NC(=O)C1CCCN1C(=O)C1CCCN1C(=O)C(CC(C)C)NC(=O)C(N)CCCCN)C(=O)O"
    },
    "FLKKKNITL": {
        "aa": "FLKKKNITL",
        "smile": "CCC(C)C(NC(=O)C(CC(N)=O)NC(=O)C(CCCCN)NC(=O)C(CCCCN)NC(=O)C(CCCCN)NC(=O)C(CC(C)C)NC(=O)C(N)Cc1ccccc1)C(=O)NC(C(=O)NC(CC(C)C)C(=O)O)C(C)O"
    },
    "VIHYGINPV": {
        "aa": "VIHYGINPV",
        "smile": "CCC(C)C(NC(=O)CNC(=O)C(Cc1ccc(O)cc1)NC(=O)C(Cc1c[nH]cn1)NC(=O)C(NC(=O)C(N)C(C)C)C(C)CC)C(=O)NC(CC(N)=O)C(=O)N1CCCC1C(=O)NC(C(=O)O)C(C)C"
    },
    "RRFSSLYSF": {
        "aa": "RRFSSLYSF",
        "smile": "CC(C)CC(NC(=O)C(CO)NC(=O)C(CO)NC(=O)C(Cc1ccccc1)NC(=O)C(CCCNC(=N)N)NC(=O)C(N)CCCNC(=N)N)C(=O)NC(Cc1ccc(O)cc1)C(=O)NC(CO)C(=O)NC(Cc1ccccc1)C(=O)O"
    },
    "CPRKNLQNA": {
        "aa": "CPRKNLQNA",
        "smile": "CC(C)CC(NC(=O)C(CC(N)=O)NC(=O)C(CCCCN)NC(=O)C(CCCNC(=N)N)NC(=O)C1CCCN1C(=O)C(N)CS)C(=O)NC(CCC(N)=O)C(=O)NC(CC(N)=O)C(=O)NC(C)C(=O)O"
    },
    "QYLKDGGFAF": {
        "aa": "QYLKDGGFAF",
        "smile": "CC(C)CC(NC(=O)C(Cc1ccc(O)cc1)NC(=O)C(N)CCC(N)=O)C(=O)NC(CCCCN)C(=O)NC(CC(=O)O)C(=O)NCC(=O)NCC(=O)NC(Cc1ccccc1)C(=O)NC(C)C(=O)NC(Cc1ccccc1)C(=O)O"
    },
    "SFIKKYSVF": {
        "aa": "SFIKKYSVF",
        "smile": "CCC(C)C(NC(=O)C(Cc1ccccc1)NC(=O)C(N)CO)C(=O)NC(CCCCN)C(=O)NC(CCCCN)C(=O)NC(Cc1ccc(O)cc1)C(=O)NC(CO)C(=O)NC(C(=O)NC(Cc1ccccc1)C(=O)O)C(C)C"
    },
    "RAEISRNDL": {
        "aa": "RAEISRNDL",
        "smile": "CCC(C)C(NC(=O)C(CCC(=O)O)NC(=O)C(C)NC(=O)C(N)CCCNC(=N)N)C(=O)NC(CO)C(=O)NC(CCCNC(=N)N)C(=O)NC(CC(N)=O)C(=O)NC(CC(=O)O)C(=O)NC(CC(C)C)C(=O)O"
    },
    "PFHKKFISFF": {
        "aa": "PFHKKFISFF",
        "smile": "CCC(C)C(NC(=O)C(Cc1ccccc1)NC(=O)C(CCCCN)NC(=O)C(CCCCN)NC(=O)C(Cc1c[nH]cn1)NC(=O)C(Cc1ccccc1)NC(=O)C1CCCN1)C(=O)NC(CO)C(=O)NC(Cc1ccccc1)C(=O)NC(Cc1ccccc1)C(=O)O"
    },
    "DMKNYGTNLF": {
        "aa": "DMKNYGTNLF",
        "smile": "CSCCC(NC(=O)C(N)CC(=O)O)C(=O)NC(CCCCN)C(=O)NC(CC(N)=O)C(=O)NC(Cc1ccc(O)cc1)C(=O)NCC(=O)NC(C(=O)NC(CC(N)=O)C(=O)NC(CC(C)C)C(=O)NC(Cc1ccccc1)C(=O)O)C(C)O"
    },
    "WRNSFLLRY": {
        "aa": "WRNSFLLRY",
        "smile": "CC(C)CC(NC(=O)C(CC(C)C)NC(=O)C(Cc1ccccc1)NC(=O)C(CO)NC(=O)C(CC(N)=O)NC(=O)C(CCCNC(=N)N)NC(=O)C(N)Cc1c[nH]c2ccccc12)C(=O)NC(CCCNC(=N)N)C(=O)NC(Cc1ccc(O)cc1)C(=O)O"
    },
    "SLFITSDHL": {
        "aa": "SLFITSDHL",
        "smile": "CCC(C)C(NC(=O)C(Cc1ccccc1)NC(=O)C(CC(C)C)NC(=O)C(N)CO)C(=O)NC(C(=O)NC(CO)C(=O)NC(CC(=O)O)C(=O)NC(Cc1c[nH]cn1)C(=O)NC(CC(C)C)C(=O)O)C(C)O"
    },
    "RPNDCESVL": {
        "aa": "RPNDCESVL",
        "smile": "CC(C)CC(NC(=O)C(NC(=O)C(CO)NC(=O)C(CCC(=O)O)NC(=O)C(CS)NC(=O)C(CC(=O)O)NC(=O)C(CC(N)=O)NC(=O)C1CCCN1C(=O)C(N)CCCNC(=N)N)C(C)C)C(=O)O"
    },
    "KMKSDQYPI": {
        "aa": "KMKSDQYPI",
        "smile": "CCC(C)C(NC(=O)C1CCCN1C(=O)C(Cc1ccc(O)cc1)NC(=O)C(CCC(N)=O)NC(=O)C(CC(=O)O)NC(=O)C(CO)NC(=O)C(CCCCN)NC(=O)C(CCSC)NC(=O)C(N)CCCCN)C(=O)O"
    },
    "KMYSEFKSI": {
        "aa": "KMYSEFKSI",
        "smile": "CCC(C)C(NC(=O)C(CO)NC(=O)C(CCCCN)NC(=O)C(Cc1ccccc1)NC(=O)C(CCC(=O)O)NC(=O)C(CO)NC(=O)C(Cc1ccc(O)cc1)NC(=O)C(CCSC)NC(=O)C(N)CCCCN)C(=O)O"
    },
    "GRIAFSLKY": {
        "aa": "GRIAFSLKY",
        "smile": "CCC(C)C(NC(=O)C(CCCNC(=N)N)NC(=O)CN)C(=O)NC(C)C(=O)NC(Cc1ccccc1)C(=O)NC(CO)C(=O)NC(CC(C)C)C(=O)NC(CCCCN)C(=O)NC(Cc1ccc(O)cc1)C(=O)O"
    },
    "KRRLLILGR": {
        "aa": "KRRLLILGR",
        "smile": "CCC(C)C(NC(=O)C(CC(C)C)NC(=O)C(CC(C)C)NC(=O)C(CCCNC(=N)N)NC(=O)C(CCCNC(=N)N)NC(=O)C(N)CCCCN)C(=O)NC(CC(C)C)C(=O)NCC(=O)NC(CCCNC(=N)N)C(=O)O"
    },
    "WYKYTESDF": {
        "aa": "WYKYTESDF",
        "smile": "CC(O)C(NC(=O)C(Cc1ccc(O)cc1)NC(=O)C(CCCCN)NC(=O)C(Cc1ccc(O)cc1)NC(=O)C(N)Cc1c[nH]c2ccccc12)C(=O)NC(CCC(=O)O)C(=O)NC(CO)C(=O)NC(CC(=O)O)C(=O)NC(Cc1ccccc1)C(=O)O"
    },
    "FRQSLYLKI": {
        "aa": "FRQSLYLKI",
        "smile": "CCC(C)C(NC(=O)C(CCCCN)NC(=O)C(CC(C)C)NC(=O)C(Cc1ccc(O)cc1)NC(=O)C(CC(C)C)NC(=O)C(CO)NC(=O)C(CCC(N)=O)NC(=O)C(CCCNC(=N)N)NC(=O)C(N)Cc1ccccc1)C(=O)O"
    },
    "HIYVQKKVK": {
        "aa": "HIYVQKKVK",
        "smile": "CCC(C)C(NC(=O)C(N)Cc1c[nH]cn1)C(=O)NC(Cc1ccc(O)cc1)C(=O)NC(C(=O)NC(CCC(N)=O)C(=O)NC(CCCCN)C(=O)NC(CCCCN)C(=O)NC(C(=O)NC(CCCCN)C(=O)O)C(C)C)C(C)C"
    },
    "GRWALHSAF": {
        "aa": "GRWALHSAF",
        "smile": "CC(C)CC(NC(=O)C(C)NC(=O)C(Cc1c[nH]c2ccccc12)NC(=O)C(CCCNC(=N)N)NC(=O)CN)C(=O)NC(Cc1c[nH]cn1)C(=O)NC(CO)C(=O)NC(C)C(=O)NC(Cc1ccccc1)C(=O)O"
    },
    "RSSGSTFSIK": {
        "aa": "RSSGSTFSIK",
        "smile": "CCC(C)C(NC(=O)C(CO)NC(=O)C(Cc1ccccc1)NC(=O)C(NC(=O)C(CO)NC(=O)CNC(=O)C(CO)NC(=O)C(CO)NC(=O)C(N)CCCNC(=N)N)C(C)O)C(=O)NC(CCCCN)C(=O)O"
    },
    "SLQPRGSFK": {
        "aa": "SLQPRGSFK",
        "smile": "CC(C)CC(NC(=O)C(N)CO)C(=O)NC(CCC(N)=O)C(=O)N1CCCC1C(=O)NC(CCCNC(=N)N)C(=O)NCC(=O)NC(CO)C(=O)NC(Cc1ccccc1)C(=O)NC(CCCCN)C(=O)O"
    },
    "KYLFIPSHN": {
        "aa": "KYLFIPSHN",
        "smile": "CCC(C)C(NC(=O)C(Cc1ccccc1)NC(=O)C(CC(C)C)NC(=O)C(Cc1ccc(O)cc1)NC(=O)C(N)CCCCN)C(=O)N1CCCC1C(=O)NC(CO)C(=O)NC(Cc1c[nH]cn1)C(=O)NC(CC(N)=O)C(=O)O"
    },
    "RRHCRSYNR": {
        "aa": "RRHCRSYNR",
        "smile": "N=C(N)NCCCC(N)C(=O)NC(CCCNC(=N)N)C(=O)NC(Cc1c[nH]cn1)C(=O)NC(CS)C(=O)NC(CCCNC(=N)N)C(=O)NC(CO)C(=O)NC(Cc1ccc(O)cc1)C(=O)NC(CC(N)=O)C(=O)NC(CCCNC(=N)N)C(=O)O"
    },
    "FRICPIFVF": {
        "aa": "FRICPIFVF",
        "smile": "CCC(C)C(NC(=O)C(CCCNC(=N)N)NC(=O)C(N)Cc1ccccc1)C(=O)NC(CS)C(=O)N1CCCC1C(=O)NC(C(=O)NC(Cc1ccccc1)C(=O)NC(C(=O)NC(Cc1ccccc1)C(=O)O)C(C)C)C(C)CC"
    },
    "RLMFFRPIK": {
        "aa": "RLMFFRPIK",
        "smile": "CCC(C)C(NC(=O)C1CCCN1C(=O)C(CCCNC(=N)N)NC(=O)C(Cc1ccccc1)NC(=O)C(Cc1ccccc1)NC(=O)C(CCSC)NC(=O)C(CC(C)C)NC(=O)C(N)CCCNC(=N)N)C(=O)NC(CCCCN)C(=O)O"
    },
    "KRFLHRQPL": {
        "aa": "KRFLHRQPL",
        "smile": "CC(C)CC(NC(=O)C1CCCN1C(=O)C(CCC(N)=O)NC(=O)C(CCCNC(=N)N)NC(=O)C(Cc1c[nH]cn1)NC(=O)C(CC(C)C)NC(=O)C(Cc1ccccc1)NC(=O)C(CCCNC(=N)N)NC(=O)C(N)CCCCN)C(=O)O"
    },
    "LICGVSPYK": {
        "aa": "LICGVSPYK",
        "smile": "CCC(C)C(NC(=O)C(N)CC(C)C)C(=O)NC(CS)C(=O)NCC(=O)NC(C(=O)NC(CO)C(=O)N1CCCC1C(=O)NC(Cc1ccc(O)cc1)C(=O)NC(CCCCN)C(=O)O)C(C)C"
    },
    "PYISKYGNKL": {
        "aa": "PYISKYGNKL",
        "smile": "CCC(C)C(NC(=O)C(Cc1ccc(O)cc1)NC(=O)C1CCCN1)C(=O)NC(CO)C(=O)NC(CCCCN)C(=O)NC(Cc1ccc(O)cc1)C(=O)NCC(=O)NC(CC(N)=O)C(=O)NC(CCCCN)C(=O)NC(CC(C)C)C(=O)O"
    },
    "SMTNIPMNV": {
        "aa": "SMTNIPMNV",
        "smile": "CCC(C)C(NC(=O)C(CC(N)=O)NC(=O)C(NC(=O)C(CCSC)NC(=O)C(N)CO)C(C)O)C(=O)N1CCCC1C(=O)NC(CCSC)C(=O)NC(CC(N)=O)C(=O)NC(C(=O)O)C(C)C"
    },
    "HCRDKTSAL": {
        "aa": "HCRDKTSAL",
        "smile": "CC(C)CC(NC(=O)C(C)NC(=O)C(CO)NC(=O)C(NC(=O)C(CCCCN)NC(=O)C(CC(=O)O)NC(=O)C(CCCNC(=N)N)NC(=O)C(CS)NC(=O)C(N)Cc1c[nH]cn1)C(C)O)C(=O)O"
    },
    "MDFPKLLNK": {
        "aa": "MDFPKLLNK",
        "smile": "CSCCC(N)C(=O)NC(CC(=O)O)C(=O)NC(Cc1ccccc1)C(=O)N1CCCC1C(=O)NC(CCCCN)C(=O)NC(CC(C)C)C(=O)NC(CC(C)C)C(=O)NC(CC(N)=O)C(=O)NC(CCCCN)C(=O)O"
    },
    "KLPLESSTI": {
        "aa": "KLPLESSTI",
        "smile": "CCC(C)C(NC(=O)C(NC(=O)C(CO)NC(=O)C(CO)NC(=O)C(CCC(=O)O)NC(=O)C(CC(C)C)NC(=O)C1CCCN1C(=O)C(CC(C)C)NC(=O)C(N)CCCCN)C(C)O)C(=O)O"
    },
    "LLFQKAANL": {
        "aa": "LLFQKAANL",
        "smile": "CC(C)CC(N)C(=O)NC(CC(C)C)C(=O)NC(Cc1ccccc1)C(=O)NC(CCC(N)=O)C(=O)NC(CCCCN)C(=O)NC(C)C(=O)NC(C)C(=O)NC(CC(N)=O)C(=O)NC(CC(C)C)C(=O)O"
    },
    "HPMPINIKL": {
        "aa": "HPMPINIKL",
        "smile": "CCC(C)C(NC(=O)C(CC(N)=O)NC(=O)C(NC(=O)C1CCCN1C(=O)C(CCSC)NC(=O)C1CCCN1C(=O)C(N)Cc1c[nH]cn1)C(C)CC)C(=O)NC(CCCCN)C(=O)NC(CC(C)C)C(=O)O"
    },
    "DFVIIPHYTF": {
        "aa": "DFVIIPHYTF",
        "smile": "CCC(C)C(NC(=O)C(NC(=O)C(Cc1ccccc1)NC(=O)C(N)CC(=O)O)C(C)C)C(=O)NC(C(=O)N1CCCC1C(=O)NC(Cc1c[nH]cn1)C(=O)NC(Cc1ccc(O)cc1)C(=O)NC(C(=O)NC(Cc1ccccc1)C(=O)O)C(C)O)C(C)CC"
    },
    "IYKRELYNI": {
        "aa": "IYKRELYNI",
        "smile": "CCC(C)C(N)C(=O)NC(Cc1ccc(O)cc1)C(=O)NC(CCCCN)C(=O)NC(CCCNC(=N)N)C(=O)NC(CCC(=O)O)C(=O)NC(CC(C)C)C(=O)NC(Cc1ccc(O)cc1)C(=O)NC(CC(N)=O)C(=O)NC(C(=O)O)C(C)CC"
    },
    "YLNKYVYTI": {
        "aa": "YLNKYVYTI",
        "smile": "CCC(C)C(NC(=O)C(NC(=O)C(Cc1ccc(O)cc1)NC(=O)C(NC(=O)C(Cc1ccc(O)cc1)NC(=O)C(CCCCN)NC(=O)C(CC(N)=O)NC(=O)C(CC(C)C)NC(=O)C(N)Cc1ccc(O)cc1)C(C)C)C(C)O)C(=O)O"
    },
    "KVMTDPSRK": {
        "aa": "KVMTDPSRK",
        "smile": "CSCCC(NC(=O)C(NC(=O)C(N)CCCCN)C(C)C)C(=O)NC(C(=O)NC(CC(=O)O)C(=O)N1CCCC1C(=O)NC(CO)C(=O)NC(CCCNC(=N)N)C(=O)NC(CCCCN)C(=O)O)C(C)O"
    },
    "EYKDEYADI": {
        "aa": "EYKDEYADI",
        "smile": "CCC(C)C(NC(=O)C(CC(=O)O)NC(=O)C(C)NC(=O)C(Cc1ccc(O)cc1)NC(=O)C(CCC(=O)O)NC(=O)C(CC(=O)O)NC(=O)C(CCCCN)NC(=O)C(Cc1ccc(O)cc1)NC(=O)C(N)CCC(=O)O)C(=O)O"
    },
    "AYVSCYRVSF": {
        "aa": "AYVSCYRVSF",
        "smile": "CC(N)C(=O)NC(Cc1ccc(O)cc1)C(=O)NC(C(=O)NC(CO)C(=O)NC(CS)C(=O)NC(Cc1ccc(O)cc1)C(=O)NC(CCCNC(=N)N)C(=O)NC(C(=O)NC(CO)C(=O)NC(Cc1ccccc1)C(=O)O)C(C)C)C(C)C"
    },
    "TTYSPIGEK": {
        "aa": "TTYSPIGEK",
        "smile": "CCC(C)C(NC(=O)C1CCCN1C(=O)C(CO)NC(=O)C(Cc1ccc(O)cc1)NC(=O)C(NC(=O)C(N)C(C)O)C(C)O)C(=O)NCC(=O)NC(CCC(=O)O)C(=O)NC(CCCCN)C(=O)O"
    },
    "FVLENGVCI": {
        "aa": "FVLENGVCI",
        "smile": "CCC(C)C(NC(=O)C(CS)NC(=O)C(NC(=O)CNC(=O)C(CC(N)=O)NC(=O)C(CCC(=O)O)NC(=O)C(CC(C)C)NC(=O)C(NC(=O)C(N)Cc1ccccc1)C(C)C)C(C)C)C(=O)O"
    },
    "HPKYRNFKF": {
        "aa": "HPKYRNFKF",
        "smile": "N=C(N)NCCCC(NC(=O)C(Cc1ccc(O)cc1)NC(=O)C(CCCCN)NC(=O)C1CCCN1C(=O)C(N)Cc1c[nH]cn1)C(=O)NC(CC(N)=O)C(=O)NC(Cc1ccccc1)C(=O)NC(CCCCN)C(=O)NC(Cc1ccccc1)C(=O)O"
    },
    "YTIGLPPYI": {
        "aa": "YTIGLPPYI",
        "smile": "CCC(C)C(NC(=O)C(Cc1ccc(O)cc1)NC(=O)C1CCCN1C(=O)C1CCCN1C(=O)C(CC(C)C)NC(=O)CNC(=O)C(NC(=O)C(NC(=O)C(N)Cc1ccc(O)cc1)C(C)O)C(C)CC)C(=O)O"
    },
    "FVIIPHYTF": {
        "aa": "FVIIPHYTF",
        "smile": "CCC(C)C(NC(=O)C(NC(=O)C(N)Cc1ccccc1)C(C)C)C(=O)NC(C(=O)N1CCCC1C(=O)NC(Cc1c[nH]cn1)C(=O)NC(Cc1ccc(O)cc1)C(=O)NC(C(=O)NC(Cc1ccccc1)C(=O)O)C(C)O)C(C)CC"
    },
    "IKLNIWRTF": {
        "aa": "IKLNIWRTF",
        "smile": "CCC(C)C(N)C(=O)NC(CCCCN)C(=O)NC(CC(C)C)C(=O)NC(CC(N)=O)C(=O)NC(C(=O)NC(Cc1c[nH]c2ccccc12)C(=O)NC(CCCNC(=N)N)C(=O)NC(C(=O)NC(Cc1ccccc1)C(=O)O)C(C)O)C(C)CC"
    },
    "KNYDNYNMK": {
        "aa": "KNYDNYNMK",
        "smile": "CSCCC(NC(=O)C(CC(N)=O)NC(=O)C(Cc1ccc(O)cc1)NC(=O)C(CC(N)=O)NC(=O)C(CC(=O)O)NC(=O)C(Cc1ccc(O)cc1)NC(=O)C(CC(N)=O)NC(=O)C(N)CCCCN)C(=O)NC(CCCCN)C(=O)O"
    },
    "IPMNVNPNI": {
        "aa": "IPMNVNPNI",
        "smile": "CCC(C)C(N)C(=O)N1CCCC1C(=O)NC(CCSC)C(=O)NC(CC(N)=O)C(=O)NC(C(=O)NC(CC(N)=O)C(=O)N1CCCC1C(=O)NC(CC(N)=O)C(=O)NC(C(=O)O)C(C)CC)C(C)C"
    },
    "YYPIIRKQF": {
        "aa": "YYPIIRKQF",
        "smile": "CCC(C)C(NC(=O)C(NC(=O)C1CCCN1C(=O)C(Cc1ccc(O)cc1)NC(=O)C(N)Cc1ccc(O)cc1)C(C)CC)C(=O)NC(CCCNC(=N)N)C(=O)NC(CCCCN)C(=O)NC(CCC(N)=O)C(=O)NC(Cc1ccccc1)C(=O)O"
    },
    "LFIPSHNSF": {
        "aa": "LFIPSHNSF",
        "smile": "CCC(C)C(NC(=O)C(Cc1ccccc1)NC(=O)C(N)CC(C)C)C(=O)N1CCCC1C(=O)NC(CO)C(=O)NC(Cc1c[nH]cn1)C(=O)NC(CC(N)=O)C(=O)NC(CO)C(=O)NC(Cc1ccccc1)C(=O)O"
    },
    "EYPLHQEHTY": {
        "aa": "EYPLHQEHTY",
        "smile": "CC(C)CC(NC(=O)C1CCCN1C(=O)C(Cc1ccc(O)cc1)NC(=O)C(N)CCC(=O)O)C(=O)NC(Cc1c[nH]cn1)C(=O)NC(CCC(N)=O)C(=O)NC(CCC(=O)O)C(=O)NC(Cc1c[nH]cn1)C(=O)NC(C(=O)NC(Cc1ccc(O)cc1)C(=O)O)C(C)O"
    },
    "YRIYDIPPK": {
        "aa": "YRIYDIPPK",
        "smile": "CCC(C)C(NC(=O)C(CCCNC(=N)N)NC(=O)C(N)Cc1ccc(O)cc1)C(=O)NC(Cc1ccc(O)cc1)C(=O)NC(CC(=O)O)C(=O)NC(C(=O)N1CCCC1C(=O)N1CCCC1C(=O)NC(CCCCN)C(=O)O)C(C)CC"
    },
    "KLKLPIIMK": {
        "aa": "KLKLPIIMK",
        "smile": "CCC(C)C(NC(=O)C(NC(=O)C1CCCN1C(=O)C(CC(C)C)NC(=O)C(CCCCN)NC(=O)C(CC(C)C)NC(=O)C(N)CCCCN)C(C)CC)C(=O)NC(CCSC)C(=O)NC(CCCCN)C(=O)O"
    },
    "RVAKNTKKL": {
        "aa": "RVAKNTKKL",
        "smile": "CC(C)CC(NC(=O)C(CCCCN)NC(=O)C(CCCCN)NC(=O)C(NC(=O)C(CC(N)=O)NC(=O)C(CCCCN)NC(=O)C(C)NC(=O)C(NC(=O)C(N)CCCNC(=N)N)C(C)C)C(C)O)C(=O)O"
    },
    "KPNVNHTEL": {
        "aa": "KPNVNHTEL",
        "smile": "CC(C)CC(NC(=O)C(CCC(=O)O)NC(=O)C(NC(=O)C(Cc1c[nH]cn1)NC(=O)C(CC(N)=O)NC(=O)C(NC(=O)C(CC(N)=O)NC(=O)C1CCCN1C(=O)C(N)CCCCN)C(C)C)C(C)O)C(=O)O"
    },
    "SLLTPPSTK": {
        "aa": "SLLTPPSTK",
        "smile": "CC(C)CC(NC(=O)C(N)CO)C(=O)NC(CC(C)C)C(=O)NC(C(=O)N1CCCC1C(=O)N1CCCC1C(=O)NC(CO)C(=O)NC(C(=O)NC(CCCCN)C(=O)O)C(C)O)C(C)O"
    },
    "VIIPHYTFL": {
        "aa": "VIIPHYTFL",
        "smile": "CCC(C)C(NC(=O)C(N)C(C)C)C(=O)NC(C(=O)N1CCCC1C(=O)NC(Cc1c[nH]cn1)C(=O)NC(Cc1ccc(O)cc1)C(=O)NC(C(=O)NC(Cc1ccccc1)C(=O)NC(CC(C)C)C(=O)O)C(C)O)C(C)CC"
    },
    "NFGRGQNYW": {
        "aa": "NFGRGQNYW",
        "smile": "N=C(N)NCCCC(NC(=O)CNC(=O)C(Cc1ccccc1)NC(=O)C(N)CC(N)=O)C(=O)NCC(=O)NC(CCC(N)=O)C(=O)NC(CC(N)=O)C(=O)NC(Cc1ccc(O)cc1)C(=O)NC(Cc1c[nH]c2ccccc12)C(=O)O"
    },
    "TMANQNMNYK": {
        "aa": "TMANQNMNYK",
        "smile": "CSCCC(NC(=O)C(CC(N)=O)NC(=O)C(CCC(N)=O)NC(=O)C(CC(N)=O)NC(=O)C(C)NC(=O)C(CCSC)NC(=O)C(N)C(C)O)C(=O)NC(CC(N)=O)C(=O)NC(Cc1ccc(O)cc1)C(=O)NC(CCCCN)C(=O)O"
    },
    "YYRSSRGECI": {
        "aa": "YYRSSRGECI",
        "smile": "CCC(C)C(NC(=O)C(CS)NC(=O)C(CCC(=O)O)NC(=O)CNC(=O)C(CCCNC(=N)N)NC(=O)C(CO)NC(=O)C(CO)NC(=O)C(CCCNC(=N)N)NC(=O)C(Cc1ccc(O)cc1)NC(=O)C(N)Cc1ccc(O)cc1)C(=O)O"
    },
    "IFFNNENSI": {
        "aa": "IFFNNENSI",
        "smile": "CCC(C)C(N)C(=O)NC(Cc1ccccc1)C(=O)NC(Cc1ccccc1)C(=O)NC(CC(N)=O)C(=O)NC(CC(N)=O)C(=O)NC(CCC(=O)O)C(=O)NC(CC(N)=O)C(=O)NC(CO)C(=O)NC(C(=O)O)C(C)CC"
    },
    "LTHKYNEFV": {
        "aa": "LTHKYNEFV",
        "smile": "CC(C)CC(N)C(=O)NC(C(=O)NC(Cc1c[nH]cn1)C(=O)NC(CCCCN)C(=O)NC(Cc1ccc(O)cc1)C(=O)NC(CC(N)=O)C(=O)NC(CCC(=O)O)C(=O)NC(Cc1ccccc1)C(=O)NC(C(=O)O)C(C)C)C(C)O"
    },
    "HRYFFFVAM": {
        "aa": "HRYFFFVAM",
        "smile": "CSCCC(NC(=O)C(C)NC(=O)C(NC(=O)C(Cc1ccccc1)NC(=O)C(Cc1ccccc1)NC(=O)C(Cc1ccccc1)NC(=O)C(Cc1ccc(O)cc1)NC(=O)C(CCCNC(=N)N)NC(=O)C(N)Cc1c[nH]cn1)C(C)C)C(=O)O"
    },
    "RASHTTPVL": {
        "aa": "RASHTTPVL",
        "smile": "CC(C)CC(NC(=O)C(NC(=O)C1CCCN1C(=O)C(NC(=O)C(NC(=O)C(Cc1c[nH]cn1)NC(=O)C(CO)NC(=O)C(C)NC(=O)C(N)CCCNC(=N)N)C(C)O)C(C)O)C(C)C)C(=O)O"
    },
    "LPDINKSKF": {
        "aa": "LPDINKSKF",
        "smile": "CCC(C)C(NC(=O)C(CC(=O)O)NC(=O)C1CCCN1C(=O)C(N)CC(C)C)C(=O)NC(CC(N)=O)C(=O)NC(CCCCN)C(=O)NC(CO)C(=O)NC(CCCCN)C(=O)NC(Cc1ccccc1)C(=O)O"
    },
    "RISGWKGDNK": {
        "aa": "RISGWKGDNK",
        "smile": "CCC(C)C(NC(=O)C(N)CCCNC(=N)N)C(=O)NC(CO)C(=O)NCC(=O)NC(Cc1c[nH]c2ccccc12)C(=O)NC(CCCCN)C(=O)NCC(=O)NC(CC(=O)O)C(=O)NC(CC(N)=O)C(=O)NC(CCCCN)C(=O)O"
    },
    "IWRTFQKDEL": {
        "aa": "IWRTFQKDEL",
        "smile": "CCC(C)C(N)C(=O)NC(Cc1c[nH]c2ccccc12)C(=O)NC(CCCNC(=N)N)C(=O)NC(C(=O)NC(Cc1ccccc1)C(=O)NC(CCC(N)=O)C(=O)NC(CCCCN)C(=O)NC(CC(=O)O)C(=O)NC(CCC(=O)O)C(=O)NC(CC(C)C)C(=O)O)C(C)O"
    },
    "ITNKNKVTIY": {
        "aa": "ITNKNKVTIY",
        "smile": "CCC(C)C(N)C(=O)NC(C(=O)NC(CC(N)=O)C(=O)NC(CCCCN)C(=O)NC(CC(N)=O)C(=O)NC(CCCCN)C(=O)NC(C(=O)NC(C(=O)NC(C(=O)NC(Cc1ccc(O)cc1)C(=O)O)C(C)CC)C(C)O)C(C)C)C(C)O"
    },
    "AMYQRAKLK": {
        "aa": "AMYQRAKLK",
        "smile": "CSCCC(NC(=O)C(C)N)C(=O)NC(Cc1ccc(O)cc1)C(=O)NC(CCC(N)=O)C(=O)NC(CCCNC(=N)N)C(=O)NC(C)C(=O)NC(CCCCN)C(=O)NC(CC(C)C)C(=O)NC(CCCCN)C(=O)O"
    },
    "NPLGEADSL": {
        "aa": "NPLGEADSL",
        "smile": "CC(C)CC(NC(=O)C(CO)NC(=O)C(CC(=O)O)NC(=O)C(C)NC(=O)C(CCC(=O)O)NC(=O)CNC(=O)C(CC(C)C)NC(=O)C1CCCN1C(=O)C(N)CC(N)=O)C(=O)O"
    },
    "SLTHKYNEF": {
        "aa": "SLTHKYNEF",
        "smile": "CC(C)CC(NC(=O)C(N)CO)C(=O)NC(C(=O)NC(Cc1c[nH]cn1)C(=O)NC(CCCCN)C(=O)NC(Cc1ccc(O)cc1)C(=O)NC(CC(N)=O)C(=O)NC(CCC(=O)O)C(=O)NC(Cc1ccccc1)C(=O)O)C(C)O"
    },
    "KRTNVGILK": {
        "aa": "KRTNVGILK",
        "smile": "CCC(C)C(NC(=O)CNC(=O)C(NC(=O)C(CC(N)=O)NC(=O)C(NC(=O)C(CCCNC(=N)N)NC(=O)C(N)CCCCN)C(C)O)C(C)C)C(=O)NC(CC(C)C)C(=O)NC(CCCCN)C(=O)O"
    },
    "LRILRIKLR": {
        "aa": "LRILRIKLR",
        "smile": "CCC(C)C(NC(=O)C(CCCNC(=N)N)NC(=O)C(N)CC(C)C)C(=O)NC(CC(C)C)C(=O)NC(CCCNC(=N)N)C(=O)NC(C(=O)NC(CCCCN)C(=O)NC(CC(C)C)C(=O)NC(CCCNC(=N)N)C(=O)O)C(C)CC"
    },
    "SYFTYDSEEY": {
        "aa": "SYFTYDSEEY",
        "smile": "CC(O)C(NC(=O)C(Cc1ccccc1)NC(=O)C(Cc1ccc(O)cc1)NC(=O)C(N)CO)C(=O)NC(Cc1ccc(O)cc1)C(=O)NC(CC(=O)O)C(=O)NC(CO)C(=O)NC(CCC(=O)O)C(=O)NC(CCC(=O)O)C(=O)NC(Cc1ccc(O)cc1)C(=O)O"
    },
    "FRFFATPAL": {
        "aa": "FRFFATPAL",
        "smile": "CC(C)CC(NC(=O)C(C)NC(=O)C1CCCN1C(=O)C(NC(=O)C(C)NC(=O)C(Cc1ccccc1)NC(=O)C(Cc1ccccc1)NC(=O)C(CCCNC(=N)N)NC(=O)C(N)Cc1ccccc1)C(C)O)C(=O)O"
    },
    "RRTQRYFMK": {
        "aa": "RRTQRYFMK",
        "smile": "CSCCC(NC(=O)C(Cc1ccccc1)NC(=O)C(Cc1ccc(O)cc1)NC(=O)C(CCCNC(=N)N)NC(=O)C(CCC(N)=O)NC(=O)C(NC(=O)C(CCCNC(=N)N)NC(=O)C(N)CCCNC(=N)N)C(C)O)C(=O)NC(CCCCN)C(=O)O"
    },
    "RYNLYDKKL": {
        "aa": "RYNLYDKKL",
        "smile": "CC(C)CC(NC(=O)C(CCCCN)NC(=O)C(CCCCN)NC(=O)C(CC(=O)O)NC(=O)C(Cc1ccc(O)cc1)NC(=O)C(CC(C)C)NC(=O)C(CC(N)=O)NC(=O)C(Cc1ccc(O)cc1)NC(=O)C(N)CCCNC(=N)N)C(=O)O"
    },
    "RPYISKNDL": {
        "aa": "RPYISKNDL",
        "smile": "CCC(C)C(NC(=O)C(Cc1ccc(O)cc1)NC(=O)C1CCCN1C(=O)C(N)CCCNC(=N)N)C(=O)NC(CO)C(=O)NC(CCCCN)C(=O)NC(CC(N)=O)C(=O)NC(CC(=O)O)C(=O)NC(CC(C)C)C(=O)O"
    },
    "SLIKQNKYV": {
        "aa": "SLIKQNKYV",
        "smile": "CCC(C)C(NC(=O)C(CC(C)C)NC(=O)C(N)CO)C(=O)NC(CCCCN)C(=O)NC(CCC(N)=O)C(=O)NC(CC(N)=O)C(=O)NC(CCCCN)C(=O)NC(Cc1ccc(O)cc1)C(=O)NC(C(=O)O)C(C)C"
    },
    "KVKDSWITL": {
        "aa": "KVKDSWITL",
        "smile": "CCC(C)C(NC(=O)C(Cc1c[nH]c2ccccc12)NC(=O)C(CO)NC(=O)C(CC(=O)O)NC(=O)C(CCCCN)NC(=O)C(NC(=O)C(N)CCCCN)C(C)C)C(=O)NC(C(=O)NC(CC(C)C)C(=O)O)C(C)O"
    },
    "ARWTAFFGV": {
        "aa": "ARWTAFFGV",
        "smile": "CC(N)C(=O)NC(CCCNC(=N)N)C(=O)NC(Cc1c[nH]c2ccccc12)C(=O)NC(C(=O)NC(C)C(=O)NC(Cc1ccccc1)C(=O)NC(Cc1ccccc1)C(=O)NCC(=O)NC(C(=O)O)C(C)C)C(C)O"
    },
    "YRHLFKVFR": {
        "aa": "YRHLFKVFR",
        "smile": "CC(C)CC(NC(=O)C(Cc1c[nH]cn1)NC(=O)C(CCCNC(=N)N)NC(=O)C(N)Cc1ccc(O)cc1)C(=O)NC(Cc1ccccc1)C(=O)NC(CCCCN)C(=O)NC(C(=O)NC(Cc1ccccc1)C(=O)NC(CCCNC(=N)N)C(=O)O)C(C)C"
    },
    "ASFSASTGY": {
        "aa": "ASFSASTGY",
        "smile": "CC(N)C(=O)NC(CO)C(=O)NC(Cc1ccccc1)C(=O)NC(CO)C(=O)NC(C)C(=O)NC(CO)C(=O)NC(C(=O)NCC(=O)NC(Cc1ccc(O)cc1)C(=O)O)C(C)O"
    },
    "HYGINPVQL": {
        "aa": "HYGINPVQL",
        "smile": "CCC(C)C(NC(=O)CNC(=O)C(Cc1ccc(O)cc1)NC(=O)C(N)Cc1c[nH]cn1)C(=O)NC(CC(N)=O)C(=O)N1CCCC1C(=O)NC(C(=O)NC(CCC(N)=O)C(=O)NC(CC(C)C)C(=O)O)C(C)C"
    },
    "KYDPRISGW": {
        "aa": "KYDPRISGW",
        "smile": "CCC(C)C(NC(=O)C(CCCNC(=N)N)NC(=O)C1CCCN1C(=O)C(CC(=O)O)NC(=O)C(Cc1ccc(O)cc1)NC(=O)C(N)CCCCN)C(=O)NC(CO)C(=O)NCC(=O)NC(Cc1c[nH]c2ccccc12)C(=O)O"
    },
    "FQYNDDASI": {
        "aa": "FQYNDDASI",
        "smile": "CCC(C)C(NC(=O)C(CO)NC(=O)C(C)NC(=O)C(CC(=O)O)NC(=O)C(CC(=O)O)NC(=O)C(CC(N)=O)NC(=O)C(Cc1ccc(O)cc1)NC(=O)C(CCC(N)=O)NC(=O)C(N)Cc1ccccc1)C(=O)O"
    },
    "KLLNKPSLDL": {
        "aa": "KLLNKPSLDL",
        "smile": "CC(C)CC(NC(=O)C(CC(=O)O)NC(=O)C(CC(C)C)NC(=O)C(CO)NC(=O)C1CCCN1C(=O)C(CCCCN)NC(=O)C(CC(N)=O)NC(=O)C(CC(C)C)NC(=O)C(CC(C)C)NC(=O)C(N)CCCCN)C(=O)O"
    },
    "FCFSFLKSSK": {
        "aa": "FCFSFLKSSK",
        "smile": "CC(C)CC(NC(=O)C(Cc1ccccc1)NC(=O)C(CO)NC(=O)C(Cc1ccccc1)NC(=O)C(CS)NC(=O)C(N)Cc1ccccc1)C(=O)NC(CCCCN)C(=O)NC(CO)C(=O)NC(CO)C(=O)NC(CCCCN)C(=O)O"
    },
    "YPIEKLGHV": {
        "aa": "YPIEKLGHV",
        "smile": "CCC(C)C(NC(=O)C1CCCN1C(=O)C(N)Cc1ccc(O)cc1)C(=O)NC(CCC(=O)O)C(=O)NC(CCCCN)C(=O)NC(CC(C)C)C(=O)NCC(=O)NC(Cc1c[nH]cn1)C(=O)NC(C(=O)O)C(C)C"
    },
    "ARFAVNLRL": {
        "aa": "ARFAVNLRL",
        "smile": "CC(C)CC(NC(=O)C(CCCNC(=N)N)NC(=O)C(CC(C)C)NC(=O)C(CC(N)=O)NC(=O)C(NC(=O)C(C)NC(=O)C(Cc1ccccc1)NC(=O)C(CCCNC(=N)N)NC(=O)C(C)N)C(C)C)C(=O)O"
    },
    "NMNYKQNNF": {
        "aa": "NMNYKQNNF",
        "smile": "CSCCC(NC(=O)C(N)CC(N)=O)C(=O)NC(CC(N)=O)C(=O)NC(Cc1ccc(O)cc1)C(=O)NC(CCCCN)C(=O)NC(CCC(N)=O)C(=O)NC(CC(N)=O)C(=O)NC(CC(N)=O)C(=O)NC(Cc1ccccc1)C(=O)O"
    },
    "GYSTKAENKI": {
        "aa": "GYSTKAENKI",
        "smile": "CCC(C)C(NC(=O)C(CCCCN)NC(=O)C(CC(N)=O)NC(=O)C(CCC(=O)O)NC(=O)C(C)NC(=O)C(CCCCN)NC(=O)C(NC(=O)C(CO)NC(=O)C(Cc1ccc(O)cc1)NC(=O)CN)C(C)O)C(=O)O"
    },
    "SYRYDISEEI": {
        "aa": "SYRYDISEEI",
        "smile": "CCC(C)C(NC(=O)C(CCC(=O)O)NC(=O)C(CCC(=O)O)NC(=O)C(CO)NC(=O)C(NC(=O)C(CC(=O)O)NC(=O)C(Cc1ccc(O)cc1)NC(=O)C(CCCNC(=N)N)NC(=O)C(Cc1ccc(O)cc1)NC(=O)C(N)CO)C(C)CC)C(=O)O"
    },
    "TMANQNMNY": {
        "aa": "TMANQNMNY",
        "smile": "CSCCC(NC(=O)C(CC(N)=O)NC(=O)C(CCC(N)=O)NC(=O)C(CC(N)=O)NC(=O)C(C)NC(=O)C(CCSC)NC(=O)C(N)C(C)O)C(=O)NC(CC(N)=O)C(=O)NC(Cc1ccc(O)cc1)C(=O)O"
    },
    "NYMGNPWTE": {
        "aa": "NYMGNPWTE",
        "smile": "CSCCC(NC(=O)C(Cc1ccc(O)cc1)NC(=O)C(N)CC(N)=O)C(=O)NCC(=O)NC(CC(N)=O)C(=O)N1CCCC1C(=O)NC(Cc1c[nH]c2ccccc12)C(=O)NC(C(=O)NC(CCC(=O)O)C(=O)O)C(C)O"
    },
    "LISTDIIFL": {
        "aa": "LISTDIIFL",
        "smile": "CCC(C)C(NC(=O)C(N)CC(C)C)C(=O)NC(CO)C(=O)NC(C(=O)NC(CC(=O)O)C(=O)NC(C(=O)NC(C(=O)NC(Cc1ccccc1)C(=O)NC(CC(C)C)C(=O)O)C(C)CC)C(C)CC)C(C)O"
    },
    "ASSFLKSFY": {
        "aa": "ASSFLKSFY",
        "smile": "CC(C)CC(NC(=O)C(Cc1ccccc1)NC(=O)C(CO)NC(=O)C(CO)NC(=O)C(C)N)C(=O)NC(CCCCN)C(=O)NC(CO)C(=O)NC(Cc1ccccc1)C(=O)NC(Cc1ccc(O)cc1)C(=O)O"
    },
    "DTDSRFISY": {
        "aa": "DTDSRFISY",
        "smile": "CCC(C)C(NC(=O)C(Cc1ccccc1)NC(=O)C(CCCNC(=N)N)NC(=O)C(CO)NC(=O)C(CC(=O)O)NC(=O)C(NC(=O)C(N)CC(=O)O)C(C)O)C(=O)NC(CO)C(=O)NC(Cc1ccc(O)cc1)C(=O)O"
    },
    "FATCLGLFY": {
        "aa": "FATCLGLFY",
        "smile": "CC(C)CC(NC(=O)CNC(=O)C(CC(C)C)NC(=O)C(CS)NC(=O)C(NC(=O)C(C)NC(=O)C(N)Cc1ccccc1)C(C)O)C(=O)NC(Cc1ccccc1)C(=O)NC(Cc1ccc(O)cc1)C(=O)O"
    },
    "FSDVGEVPY": {
        "aa": "FSDVGEVPY",
        "smile": "CC(C)C(NC(=O)C(CC(=O)O)NC(=O)C(CO)NC(=O)C(N)Cc1ccccc1)C(=O)NCC(=O)NC(CCC(=O)O)C(=O)NC(C(=O)N1CCCC1C(=O)NC(Cc1ccc(O)cc1)C(=O)O)C(C)C"
    },
    "FTDRERHCF": {
        "aa": "FTDRERHCF",
        "smile": "CC(O)C(NC(=O)C(N)Cc1ccccc1)C(=O)NC(CC(=O)O)C(=O)NC(CCCNC(=N)N)C(=O)NC(CCC(=O)O)C(=O)NC(CCCNC(=N)N)C(=O)NC(Cc1c[nH]cn1)C(=O)NC(CS)C(=O)NC(Cc1ccccc1)C(=O)O"
    },
    "ISVATFLPY": {
        "aa": "ISVATFLPY",
        "smile": "CCC(C)C(N)C(=O)NC(CO)C(=O)NC(C(=O)NC(C)C(=O)NC(C(=O)NC(Cc1ccccc1)C(=O)NC(CC(C)C)C(=O)N1CCCC1C(=O)NC(Cc1ccc(O)cc1)C(=O)O)C(C)O)C(C)C"
    },
    "LTQGYIYFY": {
        "aa": "LTQGYIYFY",
        "smile": "CCC(C)C(NC(=O)C(Cc1ccc(O)cc1)NC(=O)CNC(=O)C(CCC(N)=O)NC(=O)C(NC(=O)C(N)CC(C)C)C(C)O)C(=O)NC(Cc1ccc(O)cc1)C(=O)NC(Cc1ccccc1)C(=O)NC(Cc1ccc(O)cc1)C(=O)O"
    },
    "LTVDYATFY": {
        "aa": "LTVDYATFY",
        "smile": "CC(C)CC(N)C(=O)NC(C(=O)NC(C(=O)NC(CC(=O)O)C(=O)NC(Cc1ccc(O)cc1)C(=O)NC(C)C(=O)NC(C(=O)NC(Cc1ccccc1)C(=O)NC(Cc1ccc(O)cc1)C(=O)O)C(C)O)C(C)C)C(C)O"
    },
    "MLDIIKAIY": {
        "aa": "MLDIIKAIY",
        "smile": "CCC(C)C(NC(=O)C(C)NC(=O)C(CCCCN)NC(=O)C(NC(=O)C(NC(=O)C(CC(=O)O)NC(=O)C(CC(C)C)NC(=O)C(N)CCSC)C(C)CC)C(C)CC)C(=O)NC(Cc1ccc(O)cc1)C(=O)O"
    },
    "QLDVSRLWY": {
        "aa": "QLDVSRLWY",
        "smile": "CC(C)CC(NC(=O)C(N)CCC(N)=O)C(=O)NC(CC(=O)O)C(=O)NC(C(=O)NC(CO)C(=O)NC(CCCNC(=N)N)C(=O)NC(CC(C)C)C(=O)NC(Cc1c[nH]c2ccccc12)C(=O)NC(Cc1ccc(O)cc1)C(=O)O)C(C)C"
    },
    "SSDCSAWYM": {
        "aa": "SSDCSAWYM",
        "smile": "CSCCC(NC(=O)C(Cc1ccc(O)cc1)NC(=O)C(Cc1c[nH]c2ccccc12)NC(=O)C(C)NC(=O)C(CO)NC(=O)C(CS)NC(=O)C(CC(=O)O)NC(=O)C(CO)NC(=O)C(N)CO)C(=O)O"
    },
    "VSEGGCFCY": {
        "aa": "VSEGGCFCY",
        "smile": "CC(C)C(N)C(=O)NC(CO)C(=O)NC(CCC(=O)O)C(=O)NCC(=O)NCC(=O)NC(CS)C(=O)NC(Cc1ccccc1)C(=O)NC(CS)C(=O)NC(Cc1ccc(O)cc1)C(=O)O"
    },
    "ATLFSDSWYY": {
        "aa": "ATLFSDSWYY",
        "smile": "CC(C)CC(NC(=O)C(NC(=O)C(C)N)C(C)O)C(=O)NC(Cc1ccccc1)C(=O)NC(CO)C(=O)NC(CC(=O)O)C(=O)NC(CO)C(=O)NC(Cc1c[nH]c2ccccc12)C(=O)NC(Cc1ccc(O)cc1)C(=O)NC(Cc1ccc(O)cc1)C(=O)O"
    },
    "ELTQGYIYFY": {
        "aa": "ELTQGYIYFY",
        "smile": "CCC(C)C(NC(=O)C(Cc1ccc(O)cc1)NC(=O)CNC(=O)C(CCC(N)=O)NC(=O)C(NC(=O)C(CC(C)C)NC(=O)C(N)CCC(=O)O)C(C)O)C(=O)NC(Cc1ccc(O)cc1)C(=O)NC(Cc1ccccc1)C(=O)NC(Cc1ccc(O)cc1)C(=O)O"
    },
    "FSSPTHSLYV": {
        "aa": "FSSPTHSLYV",
        "smile": "CC(C)CC(NC(=O)C(CO)NC(=O)C(Cc1c[nH]cn1)NC(=O)C(NC(=O)C1CCCN1C(=O)C(CO)NC(=O)C(CO)NC(=O)C(N)Cc1ccccc1)C(C)O)C(=O)NC(Cc1ccc(O)cc1)C(=O)NC(C(=O)O)C(C)C"
    },
    "FTNESYLELY": {
        "aa": "FTNESYLELY",
        "smile": "CC(C)CC(NC(=O)C(CCC(=O)O)NC(=O)C(CC(C)C)NC(=O)C(Cc1ccc(O)cc1)NC(=O)C(CO)NC(=O)C(CCC(=O)O)NC(=O)C(CC(N)=O)NC(=O)C(NC(=O)C(N)Cc1ccccc1)C(C)O)C(=O)NC(Cc1ccc(O)cc1)C(=O)O"
    },
    "FTQEDPQMVY": {
        "aa": "FTQEDPQMVY",
        "smile": "CSCCC(NC(=O)C(CCC(N)=O)NC(=O)C1CCCN1C(=O)C(CC(=O)O)NC(=O)C(CCC(=O)O)NC(=O)C(CCC(N)=O)NC(=O)C(NC(=O)C(N)Cc1ccccc1)C(C)O)C(=O)NC(C(=O)NC(Cc1ccc(O)cc1)C(=O)O)C(C)C"
    },
    "LLDEPSAHLY": {
        "aa": "LLDEPSAHLY",
        "smile": "CC(C)CC(N)C(=O)NC(CC(C)C)C(=O)NC(CC(=O)O)C(=O)NC(CCC(=O)O)C(=O)N1CCCC1C(=O)NC(CO)C(=O)NC(C)C(=O)NC(Cc1c[nH]cn1)C(=O)NC(CC(C)C)C(=O)NC(Cc1ccc(O)cc1)C(=O)O"
    },
    "LSDGPSMGRY": {
        "aa": "LSDGPSMGRY",
        "smile": "CSCCC(NC(=O)C(CO)NC(=O)C1CCCN1C(=O)CNC(=O)C(CC(=O)O)NC(=O)C(CO)NC(=O)C(N)CC(C)C)C(=O)NCC(=O)NC(CCCNC(=N)N)C(=O)NC(Cc1ccc(O)cc1)C(=O)O"
    },
    "RCVDWLIAVY": {
        "aa": "RCVDWLIAVY",
        "smile": "CCC(C)C(NC(=O)C(CC(C)C)NC(=O)C(Cc1c[nH]c2ccccc12)NC(=O)C(CC(=O)O)NC(=O)C(NC(=O)C(CS)NC(=O)C(N)CCCNC(=N)N)C(C)C)C(=O)NC(C)C(=O)NC(C(=O)NC(Cc1ccc(O)cc1)C(=O)O)C(C)C"
    },
    "ALDKNLHQL": {
        "aa": "ALDKNLHQL",
        "smile": "CC(C)CC(NC(=O)C(CCC(N)=O)NC(=O)C(Cc1c[nH]cn1)NC(=O)C(CC(C)C)NC(=O)C(CC(N)=O)NC(=O)C(CCCCN)NC(=O)C(CC(=O)O)NC(=O)C(CC(C)C)NC(=O)C(C)N)C(=O)O"
    },
    "ALHEEVVCV": {
        "aa": "ALHEEVVCV",
        "smile": "CC(C)CC(NC(=O)C(C)N)C(=O)NC(Cc1c[nH]cn1)C(=O)NC(CCC(=O)O)C(=O)NC(CCC(=O)O)C(=O)NC(C(=O)NC(C(=O)NC(CS)C(=O)NC(C(=O)O)C(C)C)C(C)C)C(C)C"
    },
    "ALPPTVYEV": {
        "aa": "ALPPTVYEV",
        "smile": "CC(C)CC(NC(=O)C(C)N)C(=O)N1CCCC1C(=O)N1CCCC1C(=O)NC(C(=O)NC(C(=O)NC(Cc1ccc(O)cc1)C(=O)NC(CCC(=O)O)C(=O)NC(C(=O)O)C(C)C)C(C)C)C(C)O"
    },
    "AVLGSFSYV": {
        "aa": "AVLGSFSYV",
        "smile": "CC(C)CC(NC(=O)C(NC(=O)C(C)N)C(C)C)C(=O)NCC(=O)NC(CO)C(=O)NC(Cc1ccccc1)C(=O)NC(CO)C(=O)NC(Cc1ccc(O)cc1)C(=O)NC(C(=O)O)C(C)C"
    },
    "AVPGGGMPI": {
        "aa": "AVPGGGMPI",
        "smile": "CCC(C)C(NC(=O)C1CCCN1C(=O)C(CCSC)NC(=O)CNC(=O)CNC(=O)CNC(=O)C1CCCN1C(=O)C(NC(=O)C(C)N)C(C)C)C(=O)O"
    },
    "FIWLATRRV": {
        "aa": "FIWLATRRV",
        "smile": "CCC(C)C(NC(=O)C(N)Cc1ccccc1)C(=O)NC(Cc1c[nH]c2ccccc12)C(=O)NC(CC(C)C)C(=O)NC(C)C(=O)NC(C(=O)NC(CCCNC(=N)N)C(=O)NC(CCCNC(=N)N)C(=O)NC(C(=O)O)C(C)C)C(C)O"
    },
    "FIYLFVTET": {
        "aa": "FIYLFVTET",
        "smile": "CCC(C)C(NC(=O)C(N)Cc1ccccc1)C(=O)NC(Cc1ccc(O)cc1)C(=O)NC(CC(C)C)C(=O)NC(Cc1ccccc1)C(=O)NC(C(=O)NC(C(=O)NC(CCC(=O)O)C(=O)NC(C(=O)O)C(C)O)C(C)O)C(C)C"
    },
    "FLCNARVKV": {
        "aa": "FLCNARVKV",
        "smile": "CC(C)CC(NC(=O)C(N)Cc1ccccc1)C(=O)NC(CS)C(=O)NC(CC(N)=O)C(=O)NC(C)C(=O)NC(CCCNC(=N)N)C(=O)NC(C(=O)NC(CCCCN)C(=O)NC(C(=O)O)C(C)C)C(C)C"
    },
    "FLDEGFSGL": {
        "aa": "FLDEGFSGL",
        "smile": "CC(C)CC(NC(=O)CNC(=O)C(CO)NC(=O)C(Cc1ccccc1)NC(=O)CNC(=O)C(CCC(=O)O)NC(=O)C(CC(=O)O)NC(=O)C(CC(C)C)NC(=O)C(N)Cc1ccccc1)C(=O)O"
    },
    "FLDKFMEAV": {
        "aa": "FLDKFMEAV",
        "smile": "CSCCC(NC(=O)C(Cc1ccccc1)NC(=O)C(CCCCN)NC(=O)C(CC(=O)O)NC(=O)C(CC(C)C)NC(=O)C(N)Cc1ccccc1)C(=O)NC(CCC(=O)O)C(=O)NC(C)C(=O)NC(C(=O)O)C(C)C"
    },
    "FLDPDLTNI": {
        "aa": "FLDPDLTNI",
        "smile": "CCC(C)C(NC(=O)C(CC(N)=O)NC(=O)C(NC(=O)C(CC(C)C)NC(=O)C(CC(=O)O)NC(=O)C1CCCN1C(=O)C(CC(=O)O)NC(=O)C(CC(C)C)NC(=O)C(N)Cc1ccccc1)C(C)O)C(=O)O"
    },
    "FLGSLLILV": {
        "aa": "FLGSLLILV",
        "smile": "CCC(C)C(NC(=O)C(CC(C)C)NC(=O)C(CC(C)C)NC(=O)C(CO)NC(=O)CNC(=O)C(CC(C)C)NC(=O)C(N)Cc1ccccc1)C(=O)NC(CC(C)C)C(=O)NC(C(=O)O)C(C)C"
    },
    "FLLWKATGV": {
        "aa": "FLLWKATGV",
        "smile": "CC(C)CC(NC(=O)C(N)Cc1ccccc1)C(=O)NC(CC(C)C)C(=O)NC(Cc1c[nH]c2ccccc12)C(=O)NC(CCCCN)C(=O)NC(C)C(=O)NC(C(=O)NCC(=O)NC(C(=O)O)C(C)C)C(C)O"
    },
    "FLNDASACV": {
        "aa": "FLNDASACV",
        "smile": "CC(C)CC(NC(=O)C(N)Cc1ccccc1)C(=O)NC(CC(N)=O)C(=O)NC(CC(=O)O)C(=O)NC(C)C(=O)NC(CO)C(=O)NC(C)C(=O)NC(CS)C(=O)NC(C(=O)O)C(C)C"
    },
    "FLSELEASV": {
        "aa": "FLSELEASV",
        "smile": "CC(C)CC(NC(=O)C(N)Cc1ccccc1)C(=O)NC(CO)C(=O)NC(CCC(=O)O)C(=O)NC(CC(C)C)C(=O)NC(CCC(=O)O)C(=O)NC(C)C(=O)NC(CO)C(=O)NC(C(=O)O)C(C)C"
    },
    "FLTKLVHLV": {
        "aa": "FLTKLVHLV",
        "smile": "CC(C)CC(NC(=O)C(N)Cc1ccccc1)C(=O)NC(C(=O)NC(CCCCN)C(=O)NC(CC(C)C)C(=O)NC(C(=O)NC(Cc1c[nH]cn1)C(=O)NC(CC(C)C)C(=O)NC(C(=O)O)C(C)C)C(C)C)C(C)O"
    },
    "FLVESQLHL": {
        "aa": "FLVESQLHL",
        "smile": "CC(C)CC(NC(=O)C(Cc1c[nH]cn1)NC(=O)C(CC(C)C)NC(=O)C(CCC(N)=O)NC(=O)C(CO)NC(=O)C(CCC(=O)O)NC(=O)C(NC(=O)C(CC(C)C)NC(=O)C(N)Cc1ccccc1)C(C)C)C(=O)O"
    },
    "FMATYEINV": {
        "aa": "FMATYEINV",
        "smile": "CCC(C)C(NC(=O)C(CCC(=O)O)NC(=O)C(Cc1ccc(O)cc1)NC(=O)C(NC(=O)C(C)NC(=O)C(CCSC)NC(=O)C(N)Cc1ccccc1)C(C)O)C(=O)NC(CC(N)=O)C(=O)NC(C(=O)O)C(C)C"
    },
    "FMKDGLTGA": {
        "aa": "FMKDGLTGA",
        "smile": "CSCCC(NC(=O)C(N)Cc1ccccc1)C(=O)NC(CCCCN)C(=O)NC(CC(=O)O)C(=O)NCC(=O)NC(CC(C)C)C(=O)NC(C(=O)NCC(=O)NC(C)C(=O)O)C(C)O"
    },
    "FSDYVQCFL": {
        "aa": "FSDYVQCFL",
        "smile": "CC(C)CC(NC(=O)C(Cc1ccccc1)NC(=O)C(CS)NC(=O)C(CCC(N)=O)NC(=O)C(NC(=O)C(Cc1ccc(O)cc1)NC(=O)C(CC(=O)O)NC(=O)C(CO)NC(=O)C(N)Cc1ccccc1)C(C)C)C(=O)O"
    },
    "FVLEHEDGL": {
        "aa": "FVLEHEDGL",
        "smile": "CC(C)CC(NC(=O)CNC(=O)C(CC(=O)O)NC(=O)C(CCC(=O)O)NC(=O)C(Cc1c[nH]cn1)NC(=O)C(CCC(=O)O)NC(=O)C(CC(C)C)NC(=O)C(NC(=O)C(N)Cc1ccccc1)C(C)C)C(=O)O"
    },
    "GLKDLLNPI": {
        "aa": "GLKDLLNPI",
        "smile": "CCC(C)C(NC(=O)C1CCCN1C(=O)C(CC(N)=O)NC(=O)C(CC(C)C)NC(=O)C(CC(C)C)NC(=O)C(CC(=O)O)NC(=O)C(CCCCN)NC(=O)C(CC(C)C)NC(=O)CN)C(=O)O"
    },
    "GLSEKCSLV": {
        "aa": "GLSEKCSLV",
        "smile": "CC(C)CC(NC(=O)CN)C(=O)NC(CO)C(=O)NC(CCC(=O)O)C(=O)NC(CCCCN)C(=O)NC(CS)C(=O)NC(CO)C(=O)NC(CC(C)C)C(=O)NC(C(=O)O)C(C)C"
    },
    "GLSKYRPAI": {
        "aa": "GLSKYRPAI",
        "smile": "CCC(C)C(NC(=O)C(C)NC(=O)C1CCCN1C(=O)C(CCCNC(=N)N)NC(=O)C(Cc1ccc(O)cc1)NC(=O)C(CCCCN)NC(=O)C(CO)NC(=O)C(CC(C)C)NC(=O)CN)C(=O)O"
    },
    "GLTFKDVTV": {
        "aa": "GLTFKDVTV",
        "smile": "CC(C)CC(NC(=O)CN)C(=O)NC(C(=O)NC(Cc1ccccc1)C(=O)NC(CCCCN)C(=O)NC(CC(=O)O)C(=O)NC(C(=O)NC(C(=O)NC(C(=O)O)C(C)C)C(C)O)C(C)C)C(C)O"
    },
    "GMLTNIWTV": {
        "aa": "GMLTNIWTV",
        "smile": "CCC(C)C(NC(=O)C(CC(N)=O)NC(=O)C(NC(=O)C(CC(C)C)NC(=O)C(CCSC)NC(=O)CN)C(C)O)C(=O)NC(Cc1c[nH]c2ccccc12)C(=O)NC(C(=O)NC(C(=O)O)C(C)C)C(C)O"
    },
    "GQFGKVWMA": {
        "aa": "GQFGKVWMA",
        "smile": "CSCCC(NC(=O)C(Cc1c[nH]c2ccccc12)NC(=O)C(NC(=O)C(CCCCN)NC(=O)CNC(=O)C(Cc1ccccc1)NC(=O)C(CCC(N)=O)NC(=O)CN)C(C)C)C(=O)NC(C)C(=O)O"
    },
    "HLIGGIQVL": {
        "aa": "HLIGGIQVL",
        "smile": "CCC(C)C(NC(=O)CNC(=O)CNC(=O)C(NC(=O)C(CC(C)C)NC(=O)C(N)Cc1c[nH]cn1)C(C)CC)C(=O)NC(CCC(N)=O)C(=O)NC(C(=O)NC(CC(C)C)C(=O)O)C(C)C"
    },
    "HLMNIAIIA": {
        "aa": "HLMNIAIIA",
        "smile": "CCC(C)C(NC(=O)C(C)NC(=O)C(NC(=O)C(CC(N)=O)NC(=O)C(CCSC)NC(=O)C(CC(C)C)NC(=O)C(N)Cc1c[nH]cn1)C(C)CC)C(=O)NC(C(=O)NC(C)C(=O)O)C(C)CC"
    },
    "ILYHGNLVV": {
        "aa": "ILYHGNLVV",
        "smile": "CCC(C)C(N)C(=O)NC(CC(C)C)C(=O)NC(Cc1ccc(O)cc1)C(=O)NC(Cc1c[nH]cn1)C(=O)NCC(=O)NC(CC(N)=O)C(=O)NC(CC(C)C)C(=O)NC(C(=O)NC(C(=O)O)C(C)C)C(C)C"
    },
    "KAWENFPNV": {
        "aa": "KAWENFPNV",
        "smile": "CC(NC(=O)C(N)CCCCN)C(=O)NC(Cc1c[nH]c2ccccc12)C(=O)NC(CCC(=O)O)C(=O)NC(CC(N)=O)C(=O)NC(Cc1ccccc1)C(=O)N1CCCC1C(=O)NC(CC(N)=O)C(=O)NC(C(=O)O)C(C)C"
    },
    "KIFLCNARV": {
        "aa": "KIFLCNARV",
        "smile": "CCC(C)C(NC(=O)C(N)CCCCN)C(=O)NC(Cc1ccccc1)C(=O)NC(CC(C)C)C(=O)NC(CS)C(=O)NC(CC(N)=O)C(=O)NC(C)C(=O)NC(CCCNC(=N)N)C(=O)NC(C(=O)O)C(C)C"
    },
    "KLADFGLAC": {
        "aa": "KLADFGLAC",
        "smile": "CC(C)CC(NC(=O)CNC(=O)C(Cc1ccccc1)NC(=O)C(CC(=O)O)NC(=O)C(C)NC(=O)C(CC(C)C)NC(=O)C(N)CCCCN)C(=O)NC(C)C(=O)NC(CS)C(=O)O"
    },
    "KLINSQINL": {
        "aa": "KLINSQINL",
        "smile": "CCC(C)C(NC(=O)C(CCC(N)=O)NC(=O)C(CO)NC(=O)C(CC(N)=O)NC(=O)C(NC(=O)C(CC(C)C)NC(=O)C(N)CCCCN)C(C)CC)C(=O)NC(CC(N)=O)C(=O)NC(CC(C)C)C(=O)O"
    },
    "KLLNCPCPA": {
        "aa": "KLLNCPCPA",
        "smile": "CC(C)CC(NC(=O)C(N)CCCCN)C(=O)NC(CC(C)C)C(=O)NC(CC(N)=O)C(=O)NC(CS)C(=O)N1CCCC1C(=O)NC(CS)C(=O)N1CCCC1C(=O)NC(C)C(=O)O"
    },
    "KLLSEFFSC": {
        "aa": "KLLSEFFSC",
        "smile": "CC(C)CC(NC(=O)C(N)CCCCN)C(=O)NC(CC(C)C)C(=O)NC(CO)C(=O)NC(CCC(=O)O)C(=O)NC(Cc1ccccc1)C(=O)NC(Cc1ccccc1)C(=O)NC(CO)C(=O)NC(CS)C(=O)O"
    },
    "KLNPSQNVV": {
        "aa": "KLNPSQNVV",
        "smile": "CC(C)CC(NC(=O)C(N)CCCCN)C(=O)NC(CC(N)=O)C(=O)N1CCCC1C(=O)NC(CO)C(=O)NC(CCC(N)=O)C(=O)NC(CC(N)=O)C(=O)NC(C(=O)NC(C(=O)O)C(C)C)C(C)C"
    },
    "KLYESFYGP": {
        "aa": "KLYESFYGP",
        "smile": "CC(C)CC(NC(=O)C(N)CCCCN)C(=O)NC(Cc1ccc(O)cc1)C(=O)NC(CCC(=O)O)C(=O)NC(CO)C(=O)NC(Cc1ccccc1)C(=O)NC(Cc1ccc(O)cc1)C(=O)NCC(=O)N1CCCC1C(=O)O"
    },
    "KMLDGLESL": {
        "aa": "KMLDGLESL",
        "smile": "CSCCC(NC(=O)C(N)CCCCN)C(=O)NC(CC(C)C)C(=O)NC(CC(=O)O)C(=O)NCC(=O)NC(CC(C)C)C(=O)NC(CCC(=O)O)C(=O)NC(CO)C(=O)NC(CC(C)C)C(=O)O"
    },
    "KTIQTIVFL": {
        "aa": "KTIQTIVFL",
        "smile": "CCC(C)C(NC(=O)C(NC(=O)C(N)CCCCN)C(C)O)C(=O)NC(CCC(N)=O)C(=O)NC(C(=O)NC(C(=O)NC(C(=O)NC(Cc1ccccc1)C(=O)NC(CC(C)C)C(=O)O)C(C)C)C(C)CC)C(C)O"
    },
    "KTIYKYVHL": {
        "aa": "KTIYKYVHL",
        "smile": "CCC(C)C(NC(=O)C(NC(=O)C(N)CCCCN)C(C)O)C(=O)NC(Cc1ccc(O)cc1)C(=O)NC(CCCCN)C(=O)NC(Cc1ccc(O)cc1)C(=O)NC(C(=O)NC(Cc1c[nH]cn1)C(=O)NC(CC(C)C)C(=O)O)C(C)C"
    },
    "LIIENRYAV": {
        "aa": "LIIENRYAV",
        "smile": "CCC(C)C(NC(=O)C(N)CC(C)C)C(=O)NC(C(=O)NC(CCC(=O)O)C(=O)NC(CC(N)=O)C(=O)NC(CCCNC(=N)N)C(=O)NC(Cc1ccc(O)cc1)C(=O)NC(C)C(=O)NC(C(=O)O)C(C)C)C(C)CC"
    },
    "LLAAGLGRA": {
        "aa": "LLAAGLGRA",
        "smile": "CC(C)CC(N)C(=O)NC(CC(C)C)C(=O)NC(C)C(=O)NC(C)C(=O)NCC(=O)NC(CC(C)C)C(=O)NCC(=O)NC(CCCNC(=N)N)C(=O)NC(C)C(=O)O"
    },
    "LLAKQLYRV": {
        "aa": "LLAKQLYRV",
        "smile": "CC(C)CC(N)C(=O)NC(CC(C)C)C(=O)NC(C)C(=O)NC(CCCCN)C(=O)NC(CCC(N)=O)C(=O)NC(CC(C)C)C(=O)NC(Cc1ccc(O)cc1)C(=O)NC(CCCNC(=N)N)C(=O)NC(C(=O)O)C(C)C"
    },
    "LLAPLIATL": {
        "aa": "LLAPLIATL",
        "smile": "CCC(C)C(NC(=O)C(CC(C)C)NC(=O)C1CCCN1C(=O)C(C)NC(=O)C(CC(C)C)NC(=O)C(N)CC(C)C)C(=O)NC(C)C(=O)NC(C(=O)NC(CC(C)C)C(=O)O)C(C)O"
    },
    "LLFGPSCAL": {
        "aa": "LLFGPSCAL",
        "smile": "CC(C)CC(N)C(=O)NC(CC(C)C)C(=O)NC(Cc1ccccc1)C(=O)NCC(=O)N1CCCC1C(=O)NC(CO)C(=O)NC(CS)C(=O)NC(C)C(=O)NC(CC(C)C)C(=O)O"
    },
    "LLLLPLSVA": {
        "aa": "LLLLPLSVA",
        "smile": "CC(C)CC(N)C(=O)NC(CC(C)C)C(=O)NC(CC(C)C)C(=O)NC(CC(C)C)C(=O)N1CCCC1C(=O)NC(CC(C)C)C(=O)NC(CO)C(=O)NC(C(=O)NC(C)C(=O)O)C(C)C"
    },
    "LLLSSLGYL": {
        "aa": "LLLSSLGYL",
        "smile": "CC(C)CC(N)C(=O)NC(CC(C)C)C(=O)NC(CC(C)C)C(=O)NC(CO)C(=O)NC(CO)C(=O)NC(CC(C)C)C(=O)NCC(=O)NC(Cc1ccc(O)cc1)C(=O)NC(CC(C)C)C(=O)O"
    },
    "LLPGNNWKV": {
        "aa": "LLPGNNWKV",
        "smile": "CC(C)CC(N)C(=O)NC(CC(C)C)C(=O)N1CCCC1C(=O)NCC(=O)NC(CC(N)=O)C(=O)NC(CC(N)=O)C(=O)NC(Cc1c[nH]c2ccccc12)C(=O)NC(CCCCN)C(=O)NC(C(=O)O)C(C)C"
    },
    "LLSEFFSCL": {
        "aa": "LLSEFFSCL",
        "smile": "CC(C)CC(N)C(=O)NC(CC(C)C)C(=O)NC(CO)C(=O)NC(CCC(=O)O)C(=O)NC(Cc1ccccc1)C(=O)NC(Cc1ccccc1)C(=O)NC(CO)C(=O)NC(CS)C(=O)NC(CC(C)C)C(=O)O"
    },
    "LLSFHSVFT": {
        "aa": "LLSFHSVFT",
        "smile": "CC(C)CC(N)C(=O)NC(CC(C)C)C(=O)NC(CO)C(=O)NC(Cc1ccccc1)C(=O)NC(Cc1c[nH]cn1)C(=O)NC(CO)C(=O)NC(C(=O)NC(Cc1ccccc1)C(=O)NC(C(=O)O)C(C)O)C(C)C"
    },
    "LLSNELHRL": {
        "aa": "LLSNELHRL",
        "smile": "CC(C)CC(N)C(=O)NC(CC(C)C)C(=O)NC(CO)C(=O)NC(CC(N)=O)C(=O)NC(CCC(=O)O)C(=O)NC(CC(C)C)C(=O)NC(Cc1c[nH]cn1)C(=O)NC(CCCNC(=N)N)C(=O)NC(CC(C)C)C(=O)O"
    },
    "LLYDHPLKV": {
        "aa": "LLYDHPLKV",
        "smile": "CC(C)CC(N)C(=O)NC(CC(C)C)C(=O)NC(Cc1ccc(O)cc1)C(=O)NC(CC(=O)O)C(=O)NC(Cc1c[nH]cn1)C(=O)N1CCCC1C(=O)NC(CC(C)C)C(=O)NC(CCCCN)C(=O)NC(C(=O)O)C(C)C"
    },
    "LMMHSATSA": {
        "aa": "LMMHSATSA",
        "smile": "CSCCC(NC(=O)C(N)CC(C)C)C(=O)NC(CCSC)C(=O)NC(Cc1c[nH]cn1)C(=O)NC(CO)C(=O)NC(C)C(=O)NC(C(=O)NC(CO)C(=O)NC(C)C(=O)O)C(C)O"
    },
    "LQVCWLQSA": {
        "aa": "LQVCWLQSA",
        "smile": "CC(C)CC(N)C(=O)NC(CCC(N)=O)C(=O)NC(C(=O)NC(CS)C(=O)NC(Cc1c[nH]c2ccccc12)C(=O)NC(CC(C)C)C(=O)NC(CCC(N)=O)C(=O)NC(CO)C(=O)NC(C)C(=O)O)C(C)C"
    },
    "LVADVLSPV": {
        "aa": "LVADVLSPV",
        "smile": "CC(C)CC(N)C(=O)NC(C(=O)NC(C)C(=O)NC(CC(=O)O)C(=O)NC(C(=O)NC(CC(C)C)C(=O)NC(CO)C(=O)N1CCCC1C(=O)NC(C(=O)O)C(C)C)C(C)C)C(C)C"
    },
    "MLIILAGFL": {
        "aa": "MLIILAGFL",
        "smile": "CCC(C)C(NC(=O)C(CC(C)C)NC(=O)C(N)CCSC)C(=O)NC(C(=O)NC(CC(C)C)C(=O)NC(C)C(=O)NCC(=O)NC(Cc1ccccc1)C(=O)NC(CC(C)C)C(=O)O)C(C)CC"
    },
    "MLVSTMPVV": {
        "aa": "MLVSTMPVV",
        "smile": "CSCCC(N)C(=O)NC(CC(C)C)C(=O)NC(C(=O)NC(CO)C(=O)NC(C(=O)NC(CCSC)C(=O)N1CCCC1C(=O)NC(C(=O)NC(C(=O)O)C(C)C)C(C)C)C(C)O)C(C)C"
    },
    "NILGFTFDI": {
        "aa": "NILGFTFDI",
        "smile": "CCC(C)C(NC(=O)C(CC(=O)O)NC(=O)C(Cc1ccccc1)NC(=O)C(NC(=O)C(Cc1ccccc1)NC(=O)CNC(=O)C(CC(C)C)NC(=O)C(NC(=O)C(N)CC(N)=O)C(C)CC)C(C)O)C(=O)O"
    },
    "NLFLFIDKL": {
        "aa": "NLFLFIDKL",
        "smile": "CCC(C)C(NC(=O)C(Cc1ccccc1)NC(=O)C(CC(C)C)NC(=O)C(Cc1ccccc1)NC(=O)C(CC(C)C)NC(=O)C(N)CC(N)=O)C(=O)NC(CC(=O)O)C(=O)NC(CCCCN)C(=O)NC(CC(C)C)C(=O)O"
    },
    "NLINEAMDV": {
        "aa": "NLINEAMDV",
        "smile": "CCC(C)C(NC(=O)C(CC(C)C)NC(=O)C(N)CC(N)=O)C(=O)NC(CC(N)=O)C(=O)NC(CCC(=O)O)C(=O)NC(C)C(=O)NC(CCSC)C(=O)NC(CC(=O)O)C(=O)NC(C(=O)O)C(C)C"
    },
    "QLLKFIPSL": {
        "aa": "QLLKFIPSL",
        "smile": "CCC(C)C(NC(=O)C(Cc1ccccc1)NC(=O)C(CCCCN)NC(=O)C(CC(C)C)NC(=O)C(CC(C)C)NC(=O)C(N)CCC(N)=O)C(=O)N1CCCC1C(=O)NC(CO)C(=O)NC(CC(C)C)C(=O)O"
    },
    "QLSSVRCYV": {
        "aa": "QLSSVRCYV",
        "smile": "CC(C)CC(NC(=O)C(N)CCC(N)=O)C(=O)NC(CO)C(=O)NC(CO)C(=O)NC(C(=O)NC(CCCNC(=N)N)C(=O)NC(CS)C(=O)NC(Cc1ccc(O)cc1)C(=O)NC(C(=O)O)C(C)C)C(C)C"
    },
    "RLIGLMMTA": {
        "aa": "RLIGLMMTA",
        "smile": "CCC(C)C(NC(=O)C(CC(C)C)NC(=O)C(N)CCCNC(=N)N)C(=O)NCC(=O)NC(CC(C)C)C(=O)NC(CCSC)C(=O)NC(CCSC)C(=O)NC(C(=O)NC(C)C(=O)O)C(C)O"
    },
    "RLLRGYDQV": {
        "aa": "RLLRGYDQV",
        "smile": "CC(C)CC(NC(=O)C(N)CCCNC(=N)N)C(=O)NC(CC(C)C)C(=O)NC(CCCNC(=N)N)C(=O)NCC(=O)NC(Cc1ccc(O)cc1)C(=O)NC(CC(=O)O)C(=O)NC(CCC(N)=O)C(=O)NC(C(=O)O)C(C)C"
    },
    "RLMDSAQVA": {
        "aa": "RLMDSAQVA",
        "smile": "CSCCC(NC(=O)C(CC(C)C)NC(=O)C(N)CCCNC(=N)N)C(=O)NC(CC(=O)O)C(=O)NC(CO)C(=O)NC(C)C(=O)NC(CCC(N)=O)C(=O)NC(C(=O)NC(C)C(=O)O)C(C)C"
    },
    "RLMGINSTA": {
        "aa": "RLMGINSTA",
        "smile": "CCC(C)C(NC(=O)CNC(=O)C(CCSC)NC(=O)C(CC(C)C)NC(=O)C(N)CCCNC(=N)N)C(=O)NC(CC(N)=O)C(=O)NC(CO)C(=O)NC(C(=O)NC(C)C(=O)O)C(C)O"
    },
    "RLSEVMARM": {
        "aa": "RLSEVMARM",
        "smile": "CSCCC(NC(=O)C(CCCNC(=N)N)NC(=O)C(C)NC(=O)C(CCSC)NC(=O)C(NC(=O)C(CCC(=O)O)NC(=O)C(CO)NC(=O)C(CC(C)C)NC(=O)C(N)CCCNC(=N)N)C(C)C)C(=O)O"
    },
    "RLVLQLLEL": {
        "aa": "RLVLQLLEL",
        "smile": "CC(C)CC(NC(=O)C(CCC(=O)O)NC(=O)C(CC(C)C)NC(=O)C(CC(C)C)NC(=O)C(CCC(N)=O)NC(=O)C(CC(C)C)NC(=O)C(NC(=O)C(CC(C)C)NC(=O)C(N)CCCNC(=N)N)C(C)C)C(=O)O"
    },
    "RMGQTVIAV": {
        "aa": "RMGQTVIAV",
        "smile": "CCC(C)C(NC(=O)C(NC(=O)C(NC(=O)C(CCC(N)=O)NC(=O)CNC(=O)C(CCSC)NC(=O)C(N)CCCNC(=N)N)C(C)O)C(C)C)C(=O)NC(C)C(=O)NC(C(=O)O)C(C)C"
    },
    "RVYDALNLL": {
        "aa": "RVYDALNLL",
        "smile": "CC(C)CC(NC(=O)C(CC(C)C)NC(=O)C(CC(N)=O)NC(=O)C(CC(C)C)NC(=O)C(C)NC(=O)C(CC(=O)O)NC(=O)C(Cc1ccc(O)cc1)NC(=O)C(NC(=O)C(N)CCCNC(=N)N)C(C)C)C(=O)O"
    },
    "SLHDLTDGV": {
        "aa": "SLHDLTDGV",
        "smile": "CC(C)CC(NC(=O)C(N)CO)C(=O)NC(Cc1c[nH]cn1)C(=O)NC(CC(=O)O)C(=O)NC(CC(C)C)C(=O)NC(C(=O)NC(CC(=O)O)C(=O)NCC(=O)NC(C(=O)O)C(C)C)C(C)O"
    },
    "SLHPSAPFL": {
        "aa": "SLHPSAPFL",
        "smile": "CC(C)CC(NC(=O)C(Cc1ccccc1)NC(=O)C1CCCN1C(=O)C(C)NC(=O)C(CO)NC(=O)C1CCCN1C(=O)C(Cc1c[nH]cn1)NC(=O)C(CC(C)C)NC(=O)C(N)CO)C(=O)O"
    },
    "SLLAARQLL": {
        "aa": "SLLAARQLL",
        "smile": "CC(C)CC(NC(=O)C(CC(C)C)NC(=O)C(CCC(N)=O)NC(=O)C(CCCNC(=N)N)NC(=O)C(C)NC(=O)C(C)NC(=O)C(CC(C)C)NC(=O)C(CC(C)C)NC(=O)C(N)CO)C(=O)O"
    },
    "SLLLLPLSV": {
        "aa": "SLLLLPLSV",
        "smile": "CC(C)CC(NC(=O)C(N)CO)C(=O)NC(CC(C)C)C(=O)NC(CC(C)C)C(=O)NC(CC(C)C)C(=O)N1CCCC1C(=O)NC(CC(C)C)C(=O)NC(CO)C(=O)NC(C(=O)O)C(C)C"
    },
    "SLSEARQDV": {
        "aa": "SLSEARQDV",
        "smile": "CC(C)CC(NC(=O)C(N)CO)C(=O)NC(CO)C(=O)NC(CCC(=O)O)C(=O)NC(C)C(=O)NC(CCCNC(=N)N)C(=O)NC(CCC(N)=O)C(=O)NC(CC(=O)O)C(=O)NC(C(=O)O)C(C)C"
    },
    "SLSSDFNPL": {
        "aa": "SLSSDFNPL",
        "smile": "CC(C)CC(NC(=O)C1CCCN1C(=O)C(CC(N)=O)NC(=O)C(Cc1ccccc1)NC(=O)C(CC(=O)O)NC(=O)C(CO)NC(=O)C(CO)NC(=O)C(CC(C)C)NC(=O)C(N)CO)C(=O)O"
    },
    "SVLSALFSI": {
        "aa": "SVLSALFSI",
        "smile": "CCC(C)C(NC(=O)C(CO)NC(=O)C(Cc1ccccc1)NC(=O)C(CC(C)C)NC(=O)C(C)NC(=O)C(CO)NC(=O)C(CC(C)C)NC(=O)C(NC(=O)C(N)CO)C(C)C)C(=O)O"
    },
    "TIITQLSSV": {
        "aa": "TIITQLSSV",
        "smile": "CCC(C)C(NC(=O)C(N)C(C)O)C(=O)NC(C(=O)NC(C(=O)NC(CCC(N)=O)C(=O)NC(CC(C)C)C(=O)NC(CO)C(=O)NC(CO)C(=O)NC(C(=O)O)C(C)C)C(C)O)C(C)CC"
    },
    "TLFHDLWKL": {
        "aa": "TLFHDLWKL",
        "smile": "CC(C)CC(NC(=O)C(CCCCN)NC(=O)C(Cc1c[nH]c2ccccc12)NC(=O)C(CC(C)C)NC(=O)C(CC(=O)O)NC(=O)C(Cc1c[nH]cn1)NC(=O)C(Cc1ccccc1)NC(=O)C(CC(C)C)NC(=O)C(N)C(C)O)C(=O)O"
    },
    "TVWDFTLEL": {
        "aa": "TVWDFTLEL",
        "smile": "CC(C)CC(NC(=O)C(CCC(=O)O)NC(=O)C(CC(C)C)NC(=O)C(NC(=O)C(Cc1ccccc1)NC(=O)C(CC(=O)O)NC(=O)C(Cc1c[nH]c2ccccc12)NC(=O)C(NC(=O)C(N)C(C)O)C(C)C)C(C)O)C(=O)O"
    },
    "VLASLCLYV": {
        "aa": "VLASLCLYV",
        "smile": "CC(C)CC(NC(=O)C(CO)NC(=O)C(C)NC(=O)C(CC(C)C)NC(=O)C(N)C(C)C)C(=O)NC(CS)C(=O)NC(CC(C)C)C(=O)NC(Cc1ccc(O)cc1)C(=O)NC(C(=O)O)C(C)C"
    },
    "VLFDRLSKL": {
        "aa": "VLFDRLSKL",
        "smile": "CC(C)CC(NC(=O)C(CCCCN)NC(=O)C(CO)NC(=O)C(CC(C)C)NC(=O)C(CCCNC(=N)N)NC(=O)C(CC(=O)O)NC(=O)C(Cc1ccccc1)NC(=O)C(CC(C)C)NC(=O)C(N)C(C)C)C(=O)O"
    },
    "VLSALFSIT": {
        "aa": "VLSALFSIT",
        "smile": "CCC(C)C(NC(=O)C(CO)NC(=O)C(Cc1ccccc1)NC(=O)C(CC(C)C)NC(=O)C(C)NC(=O)C(CO)NC(=O)C(CC(C)C)NC(=O)C(N)C(C)C)C(=O)NC(C(=O)O)C(C)O"
    },
    "YITKRIIAV": {
        "aa": "YITKRIIAV",
        "smile": "CCC(C)C(NC(=O)C(N)Cc1ccc(O)cc1)C(=O)NC(C(=O)NC(CCCCN)C(=O)NC(CCCNC(=N)N)C(=O)NC(C(=O)NC(C(=O)NC(C)C(=O)NC(C(=O)O)C(C)C)C(C)CC)C(C)CC)C(C)O"
    },
    "YIYNPSLAL": {
        "aa": "YIYNPSLAL",
        "smile": "CCC(C)C(NC(=O)C(N)Cc1ccc(O)cc1)C(=O)NC(Cc1ccc(O)cc1)C(=O)NC(CC(N)=O)C(=O)N1CCCC1C(=O)NC(CO)C(=O)NC(CC(C)C)C(=O)NC(C)C(=O)NC(CC(C)C)C(=O)O"
    },
    "YLAVDALEL": {
        "aa": "YLAVDALEL",
        "smile": "CC(C)CC(NC(=O)C(CCC(=O)O)NC(=O)C(CC(C)C)NC(=O)C(C)NC(=O)C(CC(=O)O)NC(=O)C(NC(=O)C(C)NC(=O)C(CC(C)C)NC(=O)C(N)Cc1ccc(O)cc1)C(C)C)C(=O)O"
    },
    "YLDVFVHAI": {
        "aa": "YLDVFVHAI",
        "smile": "CCC(C)C(NC(=O)C(C)NC(=O)C(Cc1c[nH]cn1)NC(=O)C(NC(=O)C(Cc1ccccc1)NC(=O)C(NC(=O)C(CC(=O)O)NC(=O)C(CC(C)C)NC(=O)C(N)Cc1ccc(O)cc1)C(C)C)C(C)C)C(=O)O"
    },
    "YLFIKDNEI": {
        "aa": "YLFIKDNEI",
        "smile": "CCC(C)C(NC(=O)C(CCC(=O)O)NC(=O)C(CC(N)=O)NC(=O)C(CC(=O)O)NC(=O)C(CCCCN)NC(=O)C(NC(=O)C(Cc1ccccc1)NC(=O)C(CC(C)C)NC(=O)C(N)Cc1ccc(O)cc1)C(C)CC)C(=O)O"
    },
    "YLIIENRYA": {
        "aa": "YLIIENRYA",
        "smile": "CCC(C)C(NC(=O)C(CC(C)C)NC(=O)C(N)Cc1ccc(O)cc1)C(=O)NC(C(=O)NC(CCC(=O)O)C(=O)NC(CC(N)=O)C(=O)NC(CCCNC(=N)N)C(=O)NC(Cc1ccc(O)cc1)C(=O)NC(C)C(=O)O)C(C)CC"
    },
    "YLLIHGTAV": {
        "aa": "YLLIHGTAV",
        "smile": "CCC(C)C(NC(=O)C(CC(C)C)NC(=O)C(CC(C)C)NC(=O)C(N)Cc1ccc(O)cc1)C(=O)NC(Cc1c[nH]cn1)C(=O)NCC(=O)NC(C(=O)NC(C)C(=O)NC(C(=O)O)C(C)C)C(C)O"
    },
    "YLLQKLSCL": {
        "aa": "YLLQKLSCL",
        "smile": "CC(C)CC(NC(=O)C(CS)NC(=O)C(CO)NC(=O)C(CC(C)C)NC(=O)C(CCCCN)NC(=O)C(CCC(N)=O)NC(=O)C(CC(C)C)NC(=O)C(CC(C)C)NC(=O)C(N)Cc1ccc(O)cc1)C(=O)O"
    },
    "YLNEAVFNF": {
        "aa": "YLNEAVFNF",
        "smile": "CC(C)CC(NC(=O)C(N)Cc1ccc(O)cc1)C(=O)NC(CC(N)=O)C(=O)NC(CCC(=O)O)C(=O)NC(C)C(=O)NC(C(=O)NC(Cc1ccccc1)C(=O)NC(CC(N)=O)C(=O)NC(Cc1ccccc1)C(=O)O)C(C)C"
    },
    "YLYHRVDVI": {
        "aa": "YLYHRVDVI",
        "smile": "CCC(C)C(NC(=O)C(NC(=O)C(CC(=O)O)NC(=O)C(NC(=O)C(CCCNC(=N)N)NC(=O)C(Cc1c[nH]cn1)NC(=O)C(Cc1ccc(O)cc1)NC(=O)C(CC(C)C)NC(=O)C(N)Cc1ccc(O)cc1)C(C)C)C(C)C)C(=O)O"
    },
    "YMWRWKQFL": {
        "aa": "YMWRWKQFL",
        "smile": "CSCCC(NC(=O)C(N)Cc1ccc(O)cc1)C(=O)NC(Cc1c[nH]c2ccccc12)C(=O)NC(CCCNC(=N)N)C(=O)NC(Cc1c[nH]c2ccccc12)C(=O)NC(CCCCN)C(=O)NC(CCC(N)=O)C(=O)NC(Cc1ccccc1)C(=O)NC(CC(C)C)C(=O)O"
    },
    "YQANVVWKV": {
        "aa": "YQANVVWKV",
        "smile": "CC(NC(=O)C(CCC(N)=O)NC(=O)C(N)Cc1ccc(O)cc1)C(=O)NC(CC(N)=O)C(=O)NC(C(=O)NC(C(=O)NC(Cc1c[nH]c2ccccc12)C(=O)NC(CCCCN)C(=O)NC(C(=O)O)C(C)C)C(C)C)C(C)C"
    },
    "YQSPDLSKV": {
        "aa": "YQSPDLSKV",
        "smile": "CC(C)CC(NC(=O)C(CC(=O)O)NC(=O)C1CCCN1C(=O)C(CO)NC(=O)C(CCC(N)=O)NC(=O)C(N)Cc1ccc(O)cc1)C(=O)NC(CO)C(=O)NC(CCCCN)C(=O)NC(C(=O)O)C(C)C"
    },
    "YVYKIVSQL": {
        "aa": "YVYKIVSQL",
        "smile": "CCC(C)C(NC(=O)C(CCCCN)NC(=O)C(Cc1ccc(O)cc1)NC(=O)C(NC(=O)C(N)Cc1ccc(O)cc1)C(C)C)C(=O)NC(C(=O)NC(CO)C(=O)NC(CCC(N)=O)C(=O)NC(CC(C)C)C(=O)O)C(C)C"
    },
    "ALDHMFMYFL": {
        "aa": "ALDHMFMYFL",
        "smile": "CSCCC(NC(=O)C(Cc1ccccc1)NC(=O)C(CCSC)NC(=O)C(Cc1c[nH]cn1)NC(=O)C(CC(=O)O)NC(=O)C(CC(C)C)NC(=O)C(C)N)C(=O)NC(Cc1ccc(O)cc1)C(=O)NC(Cc1ccccc1)C(=O)NC(CC(C)C)C(=O)O"
    },
    "ALGVYGGPYV": {
        "aa": "ALGVYGGPYV",
        "smile": "CC(C)CC(NC(=O)C(C)N)C(=O)NCC(=O)NC(C(=O)NC(Cc1ccc(O)cc1)C(=O)NCC(=O)NCC(=O)N1CCCC1C(=O)NC(Cc1ccc(O)cc1)C(=O)NC(C(=O)O)C(C)C)C(C)C"
    },
    "ALKEIIPQCI": {
        "aa": "ALKEIIPQCI",
        "smile": "CCC(C)C(NC(=O)C(CS)NC(=O)C(CCC(N)=O)NC(=O)C1CCCN1C(=O)C(NC(=O)C(NC(=O)C(CCC(=O)O)NC(=O)C(CCCCN)NC(=O)C(CC(C)C)NC(=O)C(C)N)C(C)CC)C(C)CC)C(=O)O"
    },
    "ALSDGPIDAV": {
        "aa": "ALSDGPIDAV",
        "smile": "CCC(C)C(NC(=O)C1CCCN1C(=O)CNC(=O)C(CC(=O)O)NC(=O)C(CO)NC(=O)C(CC(C)C)NC(=O)C(C)N)C(=O)NC(CC(=O)O)C(=O)NC(C)C(=O)NC(C(=O)O)C(C)C"
    },
    "ALVNQQFLCV": {
        "aa": "ALVNQQFLCV",
        "smile": "CC(C)CC(NC(=O)C(C)N)C(=O)NC(C(=O)NC(CC(N)=O)C(=O)NC(CCC(N)=O)C(=O)NC(CCC(N)=O)C(=O)NC(Cc1ccccc1)C(=O)NC(CC(C)C)C(=O)NC(CS)C(=O)NC(C(=O)O)C(C)C)C(C)C"
    },
    "AVYCACFVEL": {
        "aa": "AVYCACFVEL",
        "smile": "CC(C)CC(NC(=O)C(CCC(=O)O)NC(=O)C(NC(=O)C(Cc1ccccc1)NC(=O)C(CS)NC(=O)C(C)NC(=O)C(CS)NC(=O)C(Cc1ccc(O)cc1)NC(=O)C(NC(=O)C(C)N)C(C)C)C(C)C)C(=O)O"
    },
    "FIAEQILATL": {
        "aa": "FIAEQILATL",
        "smile": "CCC(C)C(NC(=O)C(N)Cc1ccccc1)C(=O)NC(C)C(=O)NC(CCC(=O)O)C(=O)NC(CCC(N)=O)C(=O)NC(C(=O)NC(CC(C)C)C(=O)NC(C)C(=O)NC(C(=O)NC(CC(C)C)C(=O)O)C(C)O)C(C)CC"
    },
    "FLGSLLILVV": {
        "aa": "FLGSLLILVV",
        "smile": "CCC(C)C(NC(=O)C(CC(C)C)NC(=O)C(CC(C)C)NC(=O)C(CO)NC(=O)CNC(=O)C(CC(C)C)NC(=O)C(N)Cc1ccccc1)C(=O)NC(CC(C)C)C(=O)NC(C(=O)NC(C(=O)O)C(C)C)C(C)C"
    },
    "FLLDETEVSV": {
        "aa": "FLLDETEVSV",
        "smile": "CC(C)CC(NC(=O)C(N)Cc1ccccc1)C(=O)NC(CC(C)C)C(=O)NC(CC(=O)O)C(=O)NC(CCC(=O)O)C(=O)NC(C(=O)NC(CCC(=O)O)C(=O)NC(C(=O)NC(CO)C(=O)NC(C(=O)O)C(C)C)C(C)C)C(C)O"
    },
    "FLNCDIMLGV": {
        "aa": "FLNCDIMLGV",
        "smile": "CCC(C)C(NC(=O)C(CC(=O)O)NC(=O)C(CS)NC(=O)C(CC(N)=O)NC(=O)C(CC(C)C)NC(=O)C(N)Cc1ccccc1)C(=O)NC(CCSC)C(=O)NC(CC(C)C)C(=O)NCC(=O)NC(C(=O)O)C(C)C"
    },
    "FQLRTADWHL": {
        "aa": "FQLRTADWHL",
        "smile": "CC(C)CC(NC(=O)C(Cc1c[nH]cn1)NC(=O)C(Cc1c[nH]c2ccccc12)NC(=O)C(CC(=O)O)NC(=O)C(C)NC(=O)C(NC(=O)C(CCCNC(=N)N)NC(=O)C(CC(C)C)NC(=O)C(CCC(N)=O)NC(=O)C(N)Cc1ccccc1)C(C)O)C(=O)O"
    },
    "FVANLFNTYL": {
        "aa": "FVANLFNTYL",
        "smile": "CC(C)CC(NC(=O)C(Cc1ccc(O)cc1)NC(=O)C(NC(=O)C(CC(N)=O)NC(=O)C(Cc1ccccc1)NC(=O)C(CC(C)C)NC(=O)C(CC(N)=O)NC(=O)C(C)NC(=O)C(NC(=O)C(N)Cc1ccccc1)C(C)C)C(C)O)C(=O)O"
    },
    "FYLGSAYHAA": {
        "aa": "FYLGSAYHAA",
        "smile": "CC(C)CC(NC(=O)C(Cc1ccc(O)cc1)NC(=O)C(N)Cc1ccccc1)C(=O)NCC(=O)NC(CO)C(=O)NC(C)C(=O)NC(Cc1ccc(O)cc1)C(=O)NC(Cc1c[nH]cn1)C(=O)NC(C)C(=O)NC(C)C(=O)O"
    },
    "GLFEDTNLFA": {
        "aa": "GLFEDTNLFA",
        "smile": "CC(C)CC(NC(=O)CN)C(=O)NC(Cc1ccccc1)C(=O)NC(CCC(=O)O)C(=O)NC(CC(=O)O)C(=O)NC(C(=O)NC(CC(N)=O)C(=O)NC(CC(C)C)C(=O)NC(Cc1ccccc1)C(=O)NC(C)C(=O)O)C(C)O"
    },
    "GQEGKYDLLV": {
        "aa": "GQEGKYDLLV",
        "smile": "CC(C)CC(NC(=O)C(CC(=O)O)NC(=O)C(Cc1ccc(O)cc1)NC(=O)C(CCCCN)NC(=O)CNC(=O)C(CCC(=O)O)NC(=O)C(CCC(N)=O)NC(=O)CN)C(=O)NC(CC(C)C)C(=O)NC(C(=O)O)C(C)C"
    },
    "IMGQQPAPQV": {
        "aa": "IMGQQPAPQV",
        "smile": "CCC(C)C(N)C(=O)NC(CCSC)C(=O)NCC(=O)NC(CCC(N)=O)C(=O)NC(CCC(N)=O)C(=O)N1CCCC1C(=O)NC(C)C(=O)N1CCCC1C(=O)NC(CCC(N)=O)C(=O)NC(C(=O)O)C(C)C"
    },
    "KLHVSVEAFV": {
        "aa": "KLHVSVEAFV",
        "smile": "CC(C)CC(NC(=O)C(N)CCCCN)C(=O)NC(Cc1c[nH]cn1)C(=O)NC(C(=O)NC(CO)C(=O)NC(C(=O)NC(CCC(=O)O)C(=O)NC(C)C(=O)NC(Cc1ccccc1)C(=O)NC(C(=O)O)C(C)C)C(C)C)C(C)C"
    },
    "KLLSEFFSCL": {
        "aa": "KLLSEFFSCL",
        "smile": "CC(C)CC(NC(=O)C(CS)NC(=O)C(CO)NC(=O)C(Cc1ccccc1)NC(=O)C(Cc1ccccc1)NC(=O)C(CCC(=O)O)NC(=O)C(CO)NC(=O)C(CC(C)C)NC(=O)C(CC(C)C)NC(=O)C(N)CCCCN)C(=O)O"
    },
    "KLLSFHSVFT": {
        "aa": "KLLSFHSVFT",
        "smile": "CC(C)CC(NC(=O)C(N)CCCCN)C(=O)NC(CC(C)C)C(=O)NC(CO)C(=O)NC(Cc1ccccc1)C(=O)NC(Cc1c[nH]cn1)C(=O)NC(CO)C(=O)NC(C(=O)NC(Cc1ccccc1)C(=O)NC(C(=O)O)C(C)O)C(C)C"
    },
    "KLPYSYNLCV": {
        "aa": "KLPYSYNLCV",
        "smile": "CC(C)CC(NC(=O)C(CC(N)=O)NC(=O)C(Cc1ccc(O)cc1)NC(=O)C(CO)NC(=O)C(Cc1ccc(O)cc1)NC(=O)C1CCCN1C(=O)C(CC(C)C)NC(=O)C(N)CCCCN)C(=O)NC(CS)C(=O)NC(C(=O)O)C(C)C"
    },
    "KLVVVGAAGV": {
        "aa": "KLVVVGAAGV",
        "smile": "CC(C)CC(NC(=O)C(N)CCCCN)C(=O)NC(C(=O)NC(C(=O)NC(C(=O)NCC(=O)NC(C)C(=O)NC(C)C(=O)NCC(=O)NC(C(=O)O)C(C)C)C(C)C)C(C)C)C(C)C"
    },
    "KMGKTIYKYV": {
        "aa": "KMGKTIYKYV",
        "smile": "CCC(C)C(NC(=O)C(NC(=O)C(CCCCN)NC(=O)CNC(=O)C(CCSC)NC(=O)C(N)CCCCN)C(C)O)C(=O)NC(Cc1ccc(O)cc1)C(=O)NC(CCCCN)C(=O)NC(Cc1ccc(O)cc1)C(=O)NC(C(=O)O)C(C)C"
    },
    "LLKAGWQNLV": {
        "aa": "LLKAGWQNLV",
        "smile": "CC(C)CC(N)C(=O)NC(CC(C)C)C(=O)NC(CCCCN)C(=O)NC(C)C(=O)NCC(=O)NC(Cc1c[nH]c2ccccc12)C(=O)NC(CCC(N)=O)C(=O)NC(CC(N)=O)C(=O)NC(CC(C)C)C(=O)NC(C(=O)O)C(C)C"
    },
    "LLLPGNNWKV": {
        "aa": "LLLPGNNWKV",
        "smile": "CC(C)CC(N)C(=O)NC(CC(C)C)C(=O)NC(CC(C)C)C(=O)N1CCCC1C(=O)NCC(=O)NC(CC(N)=O)C(=O)NC(CC(N)=O)C(=O)NC(Cc1c[nH]c2ccccc12)C(=O)NC(CCCCN)C(=O)NC(C(=O)O)C(C)C"
    },
    "LLQVCWLQSA": {
        "aa": "LLQVCWLQSA",
        "smile": "CC(C)CC(N)C(=O)NC(CC(C)C)C(=O)NC(CCC(N)=O)C(=O)NC(C(=O)NC(CS)C(=O)NC(Cc1c[nH]c2ccccc12)C(=O)NC(CC(C)C)C(=O)NC(CCC(N)=O)C(=O)NC(CO)C(=O)NC(C)C(=O)O)C(C)C"
    },
    "LLRMNQSQFI": {
        "aa": "LLRMNQSQFI",
        "smile": "CCC(C)C(NC(=O)C(Cc1ccccc1)NC(=O)C(CCC(N)=O)NC(=O)C(CO)NC(=O)C(CCC(N)=O)NC(=O)C(CC(N)=O)NC(=O)C(CCSC)NC(=O)C(CCCNC(=N)N)NC(=O)C(CC(C)C)NC(=O)C(N)CC(C)C)C(=O)O"
    },
    "LMMHSATSAT": {
        "aa": "LMMHSATSAT",
        "smile": "CSCCC(NC(=O)C(N)CC(C)C)C(=O)NC(CCSC)C(=O)NC(Cc1c[nH]cn1)C(=O)NC(CO)C(=O)NC(C)C(=O)NC(C(=O)NC(CO)C(=O)NC(C)C(=O)NC(C(=O)O)C(C)O)C(C)O"
    },
    "LQDSGLWFPV": {
        "aa": "LQDSGLWFPV",
        "smile": "CC(C)CC(N)C(=O)NC(CCC(N)=O)C(=O)NC(CC(=O)O)C(=O)NC(CO)C(=O)NCC(=O)NC(CC(C)C)C(=O)NC(Cc1c[nH]c2ccccc12)C(=O)NC(Cc1ccccc1)C(=O)N1CCCC1C(=O)NC(C(=O)O)C(C)C"
    },
    "MLFARHLREV": {
        "aa": "MLFARHLREV",
        "smile": "CSCCC(N)C(=O)NC(CC(C)C)C(=O)NC(Cc1ccccc1)C(=O)NC(C)C(=O)NC(CCCNC(=N)N)C(=O)NC(Cc1c[nH]cn1)C(=O)NC(CC(C)C)C(=O)NC(CCCNC(=N)N)C(=O)NC(CCC(=O)O)C(=O)NC(C(=O)O)C(C)C"
    },
    "MLNTSVPNYM": {
        "aa": "MLNTSVPNYM",
        "smile": "CSCCC(N)C(=O)NC(CC(C)C)C(=O)NC(CC(N)=O)C(=O)NC(C(=O)NC(CO)C(=O)NC(C(=O)N1CCCC1C(=O)NC(CC(N)=O)C(=O)NC(Cc1ccc(O)cc1)C(=O)NC(CCSC)C(=O)O)C(C)C)C(C)O"
    },
    "MLPSNYVEAI": {
        "aa": "MLPSNYVEAI",
        "smile": "CCC(C)C(NC(=O)C(C)NC(=O)C(CCC(=O)O)NC(=O)C(NC(=O)C(Cc1ccc(O)cc1)NC(=O)C(CC(N)=O)NC(=O)C(CO)NC(=O)C1CCCN1C(=O)C(CC(C)C)NC(=O)C(N)CCSC)C(C)C)C(=O)O"
    },
    "NSLLLLPLSV": {
        "aa": "NSLLLLPLSV",
        "smile": "CC(C)CC(NC(=O)C(CO)NC(=O)C(N)CC(N)=O)C(=O)NC(CC(C)C)C(=O)NC(CC(C)C)C(=O)NC(CC(C)C)C(=O)N1CCCC1C(=O)NC(CC(C)C)C(=O)NC(CO)C(=O)NC(C(=O)O)C(C)C"
    },
    "QLVMVLVGGL": {
        "aa": "QLVMVLVGGL",
        "smile": "CSCCC(NC(=O)C(NC(=O)C(CC(C)C)NC(=O)C(N)CCC(N)=O)C(C)C)C(=O)NC(C(=O)NC(CC(C)C)C(=O)NC(C(=O)NCC(=O)NCC(=O)NC(CC(C)C)C(=O)O)C(C)C)C(C)C"
    },
    "RLLRPIYDYL": {
        "aa": "RLLRPIYDYL",
        "smile": "CCC(C)C(NC(=O)C1CCCN1C(=O)C(CCCNC(=N)N)NC(=O)C(CC(C)C)NC(=O)C(CC(C)C)NC(=O)C(N)CCCNC(=N)N)C(=O)NC(Cc1ccc(O)cc1)C(=O)NC(CC(=O)O)C(=O)NC(Cc1ccc(O)cc1)C(=O)NC(CC(C)C)C(=O)O"
    },
    "RLMGINSTAA": {
        "aa": "RLMGINSTAA",
        "smile": "CCC(C)C(NC(=O)CNC(=O)C(CCSC)NC(=O)C(CC(C)C)NC(=O)C(N)CCCNC(=N)N)C(=O)NC(CC(N)=O)C(=O)NC(CO)C(=O)NC(C(=O)NC(C)C(=O)NC(C)C(=O)O)C(C)O"
    },
    "RLPGLILYTL": {
        "aa": "RLPGLILYTL",
        "smile": "CCC(C)C(NC(=O)C(CC(C)C)NC(=O)CNC(=O)C1CCCN1C(=O)C(CC(C)C)NC(=O)C(N)CCCNC(=N)N)C(=O)NC(CC(C)C)C(=O)NC(Cc1ccc(O)cc1)C(=O)NC(C(=O)NC(CC(C)C)C(=O)O)C(C)O"
    },
    "SEQMDVAFQV": {
        "aa": "SEQMDVAFQV",
        "smile": "CSCCC(NC(=O)C(CCC(N)=O)NC(=O)C(CCC(=O)O)NC(=O)C(N)CO)C(=O)NC(CC(=O)O)C(=O)NC(C(=O)NC(C)C(=O)NC(Cc1ccccc1)C(=O)NC(CCC(N)=O)C(=O)NC(C(=O)O)C(C)C)C(C)C"
    },
    "SLLLLPLSVA": {
        "aa": "SLLLLPLSVA",
        "smile": "CC(C)CC(NC(=O)C(N)CO)C(=O)NC(CC(C)C)C(=O)NC(CC(C)C)C(=O)NC(CC(C)C)C(=O)N1CCCC1C(=O)NC(CC(C)C)C(=O)NC(CO)C(=O)NC(C(=O)NC(C)C(=O)O)C(C)C"
    },
    "SLSSDFNPLV": {
        "aa": "SLSSDFNPLV",
        "smile": "CC(C)CC(NC(=O)C(N)CO)C(=O)NC(CO)C(=O)NC(CO)C(=O)NC(CC(=O)O)C(=O)NC(Cc1ccccc1)C(=O)NC(CC(N)=O)C(=O)N1CCCC1C(=O)NC(CC(C)C)C(=O)NC(C(=O)O)C(C)C"
    },
    "SLYELEKEFL": {
        "aa": "SLYELEKEFL",
        "smile": "CC(C)CC(NC(=O)C(Cc1ccccc1)NC(=O)C(CCC(=O)O)NC(=O)C(CCCCN)NC(=O)C(CCC(=O)O)NC(=O)C(CC(C)C)NC(=O)C(CCC(=O)O)NC(=O)C(Cc1ccc(O)cc1)NC(=O)C(CC(C)C)NC(=O)C(N)CO)C(=O)O"
    },
    "TLYLRNNQLV": {
        "aa": "TLYLRNNQLV",
        "smile": "CC(C)CC(NC(=O)C(Cc1ccc(O)cc1)NC(=O)C(CC(C)C)NC(=O)C(N)C(C)O)C(=O)NC(CCCNC(=N)N)C(=O)NC(CC(N)=O)C(=O)NC(CC(N)=O)C(=O)NC(CCC(N)=O)C(=O)NC(CC(C)C)C(=O)NC(C(=O)O)C(C)C"
    },
    "TMMCVSRNEL": {
        "aa": "TMMCVSRNEL",
        "smile": "CSCCC(NC(=O)C(CCSC)NC(=O)C(N)C(C)O)C(=O)NC(CS)C(=O)NC(C(=O)NC(CO)C(=O)NC(CCCNC(=N)N)C(=O)NC(CC(N)=O)C(=O)NC(CCC(=O)O)C(=O)NC(CC(C)C)C(=O)O)C(C)C"
    },
    "VLASLCLYVV": {
        "aa": "VLASLCLYVV",
        "smile": "CC(C)CC(NC(=O)C(CO)NC(=O)C(C)NC(=O)C(CC(C)C)NC(=O)C(N)C(C)C)C(=O)NC(CS)C(=O)NC(CC(C)C)C(=O)NC(Cc1ccc(O)cc1)C(=O)NC(C(=O)NC(C(=O)O)C(C)C)C(C)C"
    },
    "VLFDRLSKLA": {
        "aa": "VLFDRLSKLA",
        "smile": "CC(C)CC(NC(=O)C(CCCCN)NC(=O)C(CO)NC(=O)C(CC(C)C)NC(=O)C(CCCNC(=N)N)NC(=O)C(CC(=O)O)NC(=O)C(Cc1ccccc1)NC(=O)C(CC(C)C)NC(=O)C(N)C(C)C)C(=O)NC(C)C(=O)O"
    },
    "VLMMHSATSA": {
        "aa": "VLMMHSATSA",
        "smile": "CSCCC(NC(=O)C(CCSC)NC(=O)C(CC(C)C)NC(=O)C(N)C(C)C)C(=O)NC(Cc1c[nH]cn1)C(=O)NC(CO)C(=O)NC(C)C(=O)NC(C(=O)NC(CO)C(=O)NC(C)C(=O)O)C(C)O"
    },
    "VLVADVLSPV": {
        "aa": "VLVADVLSPV",
        "smile": "CC(C)CC(NC(=O)C(N)C(C)C)C(=O)NC(C(=O)NC(C)C(=O)NC(CC(=O)O)C(=O)NC(C(=O)NC(CC(C)C)C(=O)NC(CO)C(=O)N1CCCC1C(=O)NC(C(=O)O)C(C)C)C(C)C)C(C)C"
    },
    "VSVLSALFSI": {
        "aa": "VSVLSALFSI",
        "smile": "CCC(C)C(NC(=O)C(CO)NC(=O)C(Cc1ccccc1)NC(=O)C(CC(C)C)NC(=O)C(C)NC(=O)C(CO)NC(=O)C(CC(C)C)NC(=O)C(NC(=O)C(CO)NC(=O)C(N)C(C)C)C(C)C)C(=O)O"
    },
    "WQLDALDFLV": {
        "aa": "WQLDALDFLV",
        "smile": "CC(C)CC(NC(=O)C(C)NC(=O)C(CC(=O)O)NC(=O)C(CC(C)C)NC(=O)C(CCC(N)=O)NC(=O)C(N)Cc1c[nH]c2ccccc12)C(=O)NC(CC(=O)O)C(=O)NC(Cc1ccccc1)C(=O)NC(CC(C)C)C(=O)NC(C(=O)O)C(C)C"
    },
    "YAVQDFLHEI": {
        "aa": "YAVQDFLHEI",
        "smile": "CCC(C)C(NC(=O)C(CCC(=O)O)NC(=O)C(Cc1c[nH]cn1)NC(=O)C(CC(C)C)NC(=O)C(Cc1ccccc1)NC(=O)C(CC(=O)O)NC(=O)C(CCC(N)=O)NC(=O)C(NC(=O)C(C)NC(=O)C(N)Cc1ccc(O)cc1)C(C)C)C(=O)O"
    },
    "YLIIENRYAV": {
        "aa": "YLIIENRYAV",
        "smile": "CCC(C)C(NC(=O)C(CC(C)C)NC(=O)C(N)Cc1ccc(O)cc1)C(=O)NC(C(=O)NC(CCC(=O)O)C(=O)NC(CC(N)=O)C(=O)NC(CCCNC(=N)N)C(=O)NC(Cc1ccc(O)cc1)C(=O)NC(C)C(=O)NC(C(=O)O)C(C)C)C(C)CC"
    },
    "YLNEAVFNFV": {
        "aa": "YLNEAVFNFV",
        "smile": "CC(C)CC(NC(=O)C(N)Cc1ccc(O)cc1)C(=O)NC(CC(N)=O)C(=O)NC(CCC(=O)O)C(=O)NC(C)C(=O)NC(C(=O)NC(Cc1ccccc1)C(=O)NC(CC(N)=O)C(=O)NC(Cc1ccccc1)C(=O)NC(C(=O)O)C(C)C)C(C)C"
    },
    "YLYVYKIVSQ": {
        "aa": "YLYVYKIVSQ",
        "smile": "CCC(C)C(NC(=O)C(CCCCN)NC(=O)C(Cc1ccc(O)cc1)NC(=O)C(NC(=O)C(Cc1ccc(O)cc1)NC(=O)C(CC(C)C)NC(=O)C(N)Cc1ccc(O)cc1)C(C)C)C(=O)NC(C(=O)NC(CO)C(=O)NC(CCC(N)=O)C(=O)O)C(C)C"
    },
    "YMPGVGDFAV": {
        "aa": "YMPGVGDFAV",
        "smile": "CSCCC(NC(=O)C(N)Cc1ccc(O)cc1)C(=O)N1CCCC1C(=O)NCC(=O)NC(C(=O)NCC(=O)NC(CC(=O)O)C(=O)NC(Cc1ccccc1)C(=O)NC(C)C(=O)NC(C(=O)O)C(C)C)C(C)C"
    },
    "FLAFTGVAGYI": {
        "aa": "FLAFTGVAGYI",
        "smile": "CCC(C)C(NC(=O)C(Cc1ccc(O)cc1)NC(=O)CNC(=O)C(C)NC(=O)C(NC(=O)CNC(=O)C(NC(=O)C(Cc1ccccc1)NC(=O)C(C)NC(=O)C(CC(C)C)NC(=O)C(N)Cc1ccccc1)C(C)O)C(C)C)C(=O)O"
    },
    "FLPKQGQIFCL": {
        "aa": "FLPKQGQIFCL",
        "smile": "CCC(C)C(NC(=O)C(CCC(N)=O)NC(=O)CNC(=O)C(CCC(N)=O)NC(=O)C(CCCCN)NC(=O)C1CCCN1C(=O)C(CC(C)C)NC(=O)C(N)Cc1ccccc1)C(=O)NC(Cc1ccccc1)C(=O)NC(CS)C(=O)NC(CC(C)C)C(=O)O"
    },
    "FLREYLYVYKI": {
        "aa": "FLREYLYVYKI",
        "smile": "CCC(C)C(NC(=O)C(CCCCN)NC(=O)C(Cc1ccc(O)cc1)NC(=O)C(NC(=O)C(Cc1ccc(O)cc1)NC(=O)C(CC(C)C)NC(=O)C(Cc1ccc(O)cc1)NC(=O)C(CCC(=O)O)NC(=O)C(CCCNC(=N)N)NC(=O)C(CC(C)C)NC(=O)C(N)Cc1ccccc1)C(C)C)C(=O)O"
    },
    "FLYELEEKMEV": {
        "aa": "FLYELEEKMEV",
        "smile": "CSCCC(NC(=O)C(CCCCN)NC(=O)C(CCC(=O)O)NC(=O)C(CCC(=O)O)NC(=O)C(CC(C)C)NC(=O)C(CCC(=O)O)NC(=O)C(Cc1ccc(O)cc1)NC(=O)C(CC(C)C)NC(=O)C(N)Cc1ccccc1)C(=O)NC(CCC(=O)O)C(=O)NC(C(=O)O)C(C)C"
    },
    "FNVLFDRLSKL": {
        "aa": "FNVLFDRLSKL",
        "smile": "CC(C)CC(NC(=O)C(CCCCN)NC(=O)C(CO)NC(=O)C(CC(C)C)NC(=O)C(CCCNC(=N)N)NC(=O)C(CC(=O)O)NC(=O)C(Cc1ccccc1)NC(=O)C(CC(C)C)NC(=O)C(NC(=O)C(CC(N)=O)NC(=O)C(N)Cc1ccccc1)C(C)C)C(=O)O"
    },
    "LLLPLSVARPL": {
        "aa": "LLLPLSVARPL",
        "smile": "CC(C)CC(N)C(=O)NC(CC(C)C)C(=O)NC(CC(C)C)C(=O)N1CCCC1C(=O)NC(CC(C)C)C(=O)NC(CO)C(=O)NC(C(=O)NC(C)C(=O)NC(CCCNC(=N)N)C(=O)N1CCCC1C(=O)NC(CC(C)C)C(=O)O)C(C)C"
    },
    "LMMHSATSATV": {
        "aa": "LMMHSATSATV",
        "smile": "CSCCC(NC(=O)C(N)CC(C)C)C(=O)NC(CCSC)C(=O)NC(Cc1c[nH]cn1)C(=O)NC(CO)C(=O)NC(C)C(=O)NC(C(=O)NC(CO)C(=O)NC(C)C(=O)NC(C(=O)NC(C(=O)O)C(C)C)C(C)O)C(C)O"
    },
    "SMLFARHLREV": {
        "aa": "SMLFARHLREV",
        "smile": "CSCCC(NC(=O)C(N)CO)C(=O)NC(CC(C)C)C(=O)NC(Cc1ccccc1)C(=O)NC(C)C(=O)NC(CCCNC(=N)N)C(=O)NC(Cc1c[nH]cn1)C(=O)NC(CC(C)C)C(=O)NC(CCCNC(=N)N)C(=O)NC(CCC(=O)O)C(=O)NC(C(=O)O)C(C)C"
    },
    "SQYEYTVLLSV": {
        "aa": "SQYEYTVLLSV",
        "smile": "CC(C)CC(NC(=O)C(CC(C)C)NC(=O)C(NC(=O)C(NC(=O)C(Cc1ccc(O)cc1)NC(=O)C(CCC(=O)O)NC(=O)C(Cc1ccc(O)cc1)NC(=O)C(CCC(N)=O)NC(=O)C(N)CO)C(C)O)C(C)C)C(=O)NC(CO)C(=O)NC(C(=O)O)C(C)C"
    },
    "YLALPPTVYEV": {
        "aa": "YLALPPTVYEV",
        "smile": "CC(C)CC(NC(=O)C(N)Cc1ccc(O)cc1)C(=O)NC(C)C(=O)NC(CC(C)C)C(=O)N1CCCC1C(=O)N1CCCC1C(=O)NC(C(=O)NC(C(=O)NC(Cc1ccc(O)cc1)C(=O)NC(CCC(=O)O)C(=O)NC(C(=O)O)C(C)C)C(C)C)C(C)O"
    },
    "YLVVADVCPKV": {
        "aa": "YLVVADVCPKV",
        "smile": "CC(C)CC(NC(=O)C(N)Cc1ccc(O)cc1)C(=O)NC(C(=O)NC(C(=O)NC(C)C(=O)NC(CC(=O)O)C(=O)NC(C(=O)NC(CS)C(=O)N1CCCC1C(=O)NC(CCCCN)C(=O)NC(C(=O)O)C(C)C)C(C)C)C(C)C)C(C)C"
    },
    "ALYFNSQWK": {
        "aa": "ALYFNSQWK",
        "smile": "CC(C)CC(NC(=O)C(C)N)C(=O)NC(Cc1ccc(O)cc1)C(=O)NC(Cc1ccccc1)C(=O)NC(CC(N)=O)C(=O)NC(CO)C(=O)NC(CCC(N)=O)C(=O)NC(Cc1c[nH]c2ccccc12)C(=O)NC(CCCCN)C(=O)O"
    },
    "GIKAHPVLK": {
        "aa": "GIKAHPVLK",
        "smile": "CCC(C)C(NC(=O)CN)C(=O)NC(CCCCN)C(=O)NC(C)C(=O)NC(Cc1c[nH]cn1)C(=O)N1CCCC1C(=O)NC(C(=O)NC(CC(C)C)C(=O)NC(CCCCN)C(=O)O)C(C)C"
    },
    "GLLAAGLGR": {
        "aa": "GLLAAGLGR",
        "smile": "CC(C)CC(NC(=O)CNC(=O)C(C)NC(=O)C(C)NC(=O)C(CC(C)C)NC(=O)C(CC(C)C)NC(=O)CN)C(=O)NCC(=O)NC(CCCNC(=N)N)C(=O)O"
    },
    "KAPVGHFYK": {
        "aa": "KAPVGHFYK",
        "smile": "CC(NC(=O)C(N)CCCCN)C(=O)N1CCCC1C(=O)NC(C(=O)NCC(=O)NC(Cc1c[nH]cn1)C(=O)NC(Cc1ccccc1)C(=O)NC(Cc1ccc(O)cc1)C(=O)NC(CCCCN)C(=O)O)C(C)C"
    },
    "KIVEMSTSK": {
        "aa": "KIVEMSTSK",
        "smile": "CCC(C)C(NC(=O)C(N)CCCCN)C(=O)NC(C(=O)NC(CCC(=O)O)C(=O)NC(CCSC)C(=O)NC(CO)C(=O)NC(C(=O)NC(CO)C(=O)NC(CCCCN)C(=O)O)C(C)O)C(C)C"
    },
    "KMFCAGYPK": {
        "aa": "KMFCAGYPK",
        "smile": "CSCCC(NC(=O)C(N)CCCCN)C(=O)NC(Cc1ccccc1)C(=O)NC(CS)C(=O)NC(C)C(=O)NCC(=O)NC(Cc1ccc(O)cc1)C(=O)N1CCCC1C(=O)NC(CCCCN)C(=O)O"
    },
    "KVYDIAFSR": {
        "aa": "KVYDIAFSR",
        "smile": "CCC(C)C(NC(=O)C(CC(=O)O)NC(=O)C(Cc1ccc(O)cc1)NC(=O)C(NC(=O)C(N)CCCCN)C(C)C)C(=O)NC(C)C(=O)NC(Cc1ccccc1)C(=O)NC(CO)C(=O)NC(CCCNC(=N)N)C(=O)O"
    },
    "MLNTSVPNY": {
        "aa": "MLNTSVPNY",
        "smile": "CSCCC(N)C(=O)NC(CC(C)C)C(=O)NC(CC(N)=O)C(=O)NC(C(=O)NC(CO)C(=O)NC(C(=O)N1CCCC1C(=O)NC(CC(N)=O)C(=O)NC(Cc1ccc(O)cc1)C(=O)O)C(C)C)C(C)O"
    },
    "RIALWPLAY": {
        "aa": "RIALWPLAY",
        "smile": "CCC(C)C(NC(=O)C(N)CCCNC(=N)N)C(=O)NC(C)C(=O)NC(CC(C)C)C(=O)NC(Cc1c[nH]c2ccccc12)C(=O)N1CCCC1C(=O)NC(CC(C)C)C(=O)NC(C)C(=O)NC(Cc1ccc(O)cc1)C(=O)O"
    },
    "RLFPYALHK": {
        "aa": "RLFPYALHK",
        "smile": "CC(C)CC(NC(=O)C(N)CCCNC(=N)N)C(=O)NC(Cc1ccccc1)C(=O)N1CCCC1C(=O)NC(Cc1ccc(O)cc1)C(=O)NC(C)C(=O)NC(CC(C)C)C(=O)NC(Cc1c[nH]cn1)C(=O)NC(CCCCN)C(=O)O"
    },
    "RTREFTAKK": {
        "aa": "RTREFTAKK",
        "smile": "CC(NC(=O)C(NC(=O)C(Cc1ccccc1)NC(=O)C(CCC(=O)O)NC(=O)C(CCCNC(=N)N)NC(=O)C(NC(=O)C(N)CCCNC(=N)N)C(C)O)C(C)O)C(=O)NC(CCCCN)C(=O)NC(CCCCN)C(=O)O"
    },
    "SLSNFPQLK": {
        "aa": "SLSNFPQLK",
        "smile": "CC(C)CC(NC(=O)C(N)CO)C(=O)NC(CO)C(=O)NC(CC(N)=O)C(=O)NC(Cc1ccccc1)C(=O)N1CCCC1C(=O)NC(CCC(N)=O)C(=O)NC(CC(C)C)C(=O)NC(CCCCN)C(=O)O"
    },
    "SVFTSVRRK": {
        "aa": "SVFTSVRRK",
        "smile": "CC(C)C(NC(=O)C(N)CO)C(=O)NC(Cc1ccccc1)C(=O)NC(C(=O)NC(CO)C(=O)NC(C(=O)NC(CCCNC(=N)N)C(=O)NC(CCCNC(=N)N)C(=O)NC(CCCCN)C(=O)O)C(C)C)C(C)O"
    },
    "TLWEQFLEK": {
        "aa": "TLWEQFLEK",
        "smile": "CC(C)CC(NC(=O)C(Cc1ccccc1)NC(=O)C(CCC(N)=O)NC(=O)C(CCC(=O)O)NC(=O)C(Cc1c[nH]c2ccccc12)NC(=O)C(CC(C)C)NC(=O)C(N)C(C)O)C(=O)NC(CCC(=O)O)C(=O)NC(CCCCN)C(=O)O"
    },
    "TSARTENFK": {
        "aa": "TSARTENFK",
        "smile": "CC(NC(=O)C(CO)NC(=O)C(N)C(C)O)C(=O)NC(CCCNC(=N)N)C(=O)NC(C(=O)NC(CCC(=O)O)C(=O)NC(CC(N)=O)C(=O)NC(Cc1ccccc1)C(=O)NC(CCCCN)C(=O)O)C(C)O"
    },
    "VIDAAVLLK": {
        "aa": "VIDAAVLLK",
        "smile": "CCC(C)C(NC(=O)C(N)C(C)C)C(=O)NC(CC(=O)O)C(=O)NC(C)C(=O)NC(C)C(=O)NC(C(=O)NC(CC(C)C)C(=O)NC(CC(C)C)C(=O)NC(CCCCN)C(=O)O)C(C)C"
    },
    "ADVLSPVLVK": {
        "aa": "ADVLSPVLVK",
        "smile": "CC(C)CC(NC(=O)C(NC(=O)C(CC(=O)O)NC(=O)C(C)N)C(C)C)C(=O)NC(CO)C(=O)N1CCCC1C(=O)NC(C(=O)NC(CC(C)C)C(=O)NC(C(=O)NC(CCCCN)C(=O)O)C(C)C)C(C)C"
    },
    "ALLPPPPLAK": {
        "aa": "ALLPPPPLAK",
        "smile": "CC(C)CC(NC(=O)C(C)N)C(=O)NC(CC(C)C)C(=O)N1CCCC1C(=O)N1CCCC1C(=O)N1CCCC1C(=O)N1CCCC1C(=O)NC(CC(C)C)C(=O)NC(C)C(=O)NC(CCCCN)C(=O)O"
    },
    "ATRYNYTSEK": {
        "aa": "ATRYNYTSEK",
        "smile": "CC(N)C(=O)NC(C(=O)NC(CCCNC(=N)N)C(=O)NC(Cc1ccc(O)cc1)C(=O)NC(CC(N)=O)C(=O)NC(Cc1ccc(O)cc1)C(=O)NC(C(=O)NC(CO)C(=O)NC(CCC(=O)O)C(=O)NC(CCCCN)C(=O)O)C(C)O)C(C)O"
    },
    "AVRVLFPGIK": {
        "aa": "AVRVLFPGIK",
        "smile": "CCC(C)C(NC(=O)CNC(=O)C1CCCN1C(=O)C(Cc1ccccc1)NC(=O)C(CC(C)C)NC(=O)C(NC(=O)C(CCCNC(=N)N)NC(=O)C(NC(=O)C(C)N)C(C)C)C(C)C)C(=O)NC(CCCCN)C(=O)O"
    },
    "CRLFPYALHK": {
        "aa": "CRLFPYALHK",
        "smile": "CC(C)CC(NC(=O)C(C)NC(=O)C(Cc1ccc(O)cc1)NC(=O)C1CCCN1C(=O)C(Cc1ccccc1)NC(=O)C(CC(C)C)NC(=O)C(CCCNC(=N)N)NC(=O)C(N)CS)C(=O)NC(Cc1c[nH]cn1)C(=O)NC(CCCCN)C(=O)O"
    },
    "CVIDAAVLLK": {
        "aa": "CVIDAAVLLK",
        "smile": "CCC(C)C(NC(=O)C(NC(=O)C(N)CS)C(C)C)C(=O)NC(CC(=O)O)C(=O)NC(C)C(=O)NC(C)C(=O)NC(C(=O)NC(CC(C)C)C(=O)NC(CC(C)C)C(=O)NC(CCCCN)C(=O)O)C(C)C"
    },
    "GLSFHLQSSK": {
        "aa": "GLSFHLQSSK",
        "smile": "CC(C)CC(NC(=O)CN)C(=O)NC(CO)C(=O)NC(Cc1ccccc1)C(=O)NC(Cc1c[nH]cn1)C(=O)NC(CC(C)C)C(=O)NC(CCC(N)=O)C(=O)NC(CO)C(=O)NC(CO)C(=O)NC(CCCCN)C(=O)O"
    },
    "GMLNTSVPNY": {
        "aa": "GMLNTSVPNY",
        "smile": "CSCCC(NC(=O)CN)C(=O)NC(CC(C)C)C(=O)NC(CC(N)=O)C(=O)NC(C(=O)NC(CO)C(=O)NC(C(=O)N1CCCC1C(=O)NC(CC(N)=O)C(=O)NC(Cc1ccc(O)cc1)C(=O)O)C(C)C)C(C)O"
    },
    "KEAADPLAFK": {
        "aa": "KEAADPLAFK",
        "smile": "CC(C)CC(NC(=O)C1CCCN1C(=O)C(CC(=O)O)NC(=O)C(C)NC(=O)C(C)NC(=O)C(CCC(=O)O)NC(=O)C(N)CCCCN)C(=O)NC(C)C(=O)NC(Cc1ccccc1)C(=O)NC(CCCCN)C(=O)O"
    },
    "KINRALTAAK": {
        "aa": "KINRALTAAK",
        "smile": "CCC(C)C(NC(=O)C(N)CCCCN)C(=O)NC(CC(N)=O)C(=O)NC(CCCNC(=N)N)C(=O)NC(C)C(=O)NC(CC(C)C)C(=O)NC(C(=O)NC(C)C(=O)NC(C)C(=O)NC(CCCCN)C(=O)O)C(C)O"
    },
    "KIYTGEKPYK": {
        "aa": "KIYTGEKPYK",
        "smile": "CCC(C)C(NC(=O)C(N)CCCCN)C(=O)NC(Cc1ccc(O)cc1)C(=O)NC(C(=O)NCC(=O)NC(CCC(=O)O)C(=O)NC(CCCCN)C(=O)N1CCCC1C(=O)NC(Cc1ccc(O)cc1)C(=O)NC(CCCCN)C(=O)O)C(C)O"
    },
    "KLHVASLSFR": {
        "aa": "KLHVASLSFR",
        "smile": "CC(C)CC(NC(=O)C(N)CCCCN)C(=O)NC(Cc1c[nH]cn1)C(=O)NC(C(=O)NC(C)C(=O)NC(CO)C(=O)NC(CC(C)C)C(=O)NC(CO)C(=O)NC(Cc1ccccc1)C(=O)NC(CCCNC(=N)N)C(=O)O)C(C)C"
    },
    "KSATRRPVWK": {
        "aa": "KSATRRPVWK",
        "smile": "CC(NC(=O)C(CO)NC(=O)C(N)CCCCN)C(=O)NC(C(=O)NC(CCCNC(=N)N)C(=O)NC(CCCNC(=N)N)C(=O)N1CCCC1C(=O)NC(C(=O)NC(Cc1c[nH]c2ccccc12)C(=O)NC(CCCCN)C(=O)O)C(C)C)C(C)O"
    },
    "MFYAVRWGRK": {
        "aa": "MFYAVRWGRK",
        "smile": "CSCCC(N)C(=O)NC(Cc1ccccc1)C(=O)NC(Cc1ccc(O)cc1)C(=O)NC(C)C(=O)NC(C(=O)NC(CCCNC(=N)N)C(=O)NC(Cc1c[nH]c2ccccc12)C(=O)NCC(=O)NC(CCCNC(=N)N)C(=O)NC(CCCCN)C(=O)O)C(C)C"
    },
    "RKSNRVKTCK": {
        "aa": "RKSNRVKTCK",
        "smile": "CC(C)C(NC(=O)C(CCCNC(=N)N)NC(=O)C(CC(N)=O)NC(=O)C(CO)NC(=O)C(CCCCN)NC(=O)C(N)CCCNC(=N)N)C(=O)NC(CCCCN)C(=O)NC(C(=O)NC(CS)C(=O)NC(CCCCN)C(=O)O)C(C)O"
    },
    "RTGKGQPCNK": {
        "aa": "RTGKGQPCNK",
        "smile": "CC(O)C(NC(=O)C(N)CCCNC(=N)N)C(=O)NCC(=O)NC(CCCCN)C(=O)NCC(=O)NC(CCC(N)=O)C(=O)N1CCCC1C(=O)NC(CS)C(=O)NC(CC(N)=O)C(=O)NC(CCCCN)C(=O)O"
    },
    "RVDFSATWYK": {
        "aa": "RVDFSATWYK",
        "smile": "CC(NC(=O)C(CO)NC(=O)C(Cc1ccccc1)NC(=O)C(CC(=O)O)NC(=O)C(NC(=O)C(N)CCCNC(=N)N)C(C)C)C(=O)NC(C(=O)NC(Cc1c[nH]c2ccccc12)C(=O)NC(Cc1ccc(O)cc1)C(=O)NC(CCCCN)C(=O)O)C(C)O"
    },
    "STLFRVVVAK": {
        "aa": "STLFRVVVAK",
        "smile": "CC(C)CC(NC(=O)C(NC(=O)C(N)CO)C(C)O)C(=O)NC(Cc1ccccc1)C(=O)NC(CCCNC(=N)N)C(=O)NC(C(=O)NC(C(=O)NC(C(=O)NC(C)C(=O)NC(CCCCN)C(=O)O)C(C)C)C(C)C)C(C)C"
    },
    "SVEAFVCHRK": {
        "aa": "SVEAFVCHRK",
        "smile": "CC(NC(=O)C(CCC(=O)O)NC(=O)C(NC(=O)C(N)CO)C(C)C)C(=O)NC(Cc1ccccc1)C(=O)NC(C(=O)NC(CS)C(=O)NC(Cc1c[nH]cn1)C(=O)NC(CCCNC(=N)N)C(=O)NC(CCCCN)C(=O)O)C(C)C"
    },
    "GSNNLILIY": {
        "aa": "GSNNLILIY",
        "smile": "CCC(C)C(NC(=O)C(CC(C)C)NC(=O)C(NC(=O)C(CC(C)C)NC(=O)C(CC(N)=O)NC(=O)C(CC(N)=O)NC(=O)C(CO)NC(=O)CN)C(C)CC)C(=O)NC(Cc1ccc(O)cc1)C(=O)O"
    },
    "KQLYRVFQK": {
        "aa": "KQLYRVFQK",
        "smile": "CC(C)CC(NC(=O)C(CCC(N)=O)NC(=O)C(N)CCCCN)C(=O)NC(Cc1ccc(O)cc1)C(=O)NC(CCCNC(=N)N)C(=O)NC(C(=O)NC(Cc1ccccc1)C(=O)NC(CCC(N)=O)C(=O)NC(CCCCN)C(=O)O)C(C)C"
    },
    "MLSSHIATK": {
        "aa": "MLSSHIATK",
        "smile": "CCC(C)C(NC(=O)C(Cc1c[nH]cn1)NC(=O)C(CO)NC(=O)C(CO)NC(=O)C(CC(C)C)NC(=O)C(N)CCSC)C(=O)NC(C)C(=O)NC(C(=O)NC(CCCCN)C(=O)O)C(C)O"
    },
    "RISASCATR": {
        "aa": "RISASCATR",
        "smile": "CCC(C)C(NC(=O)C(N)CCCNC(=N)N)C(=O)NC(CO)C(=O)NC(C)C(=O)NC(CO)C(=O)NC(CS)C(=O)NC(C)C(=O)NC(C(=O)NC(CCCNC(=N)N)C(=O)O)C(C)O"
    },
    "RLLRPIYDY": {
        "aa": "RLLRPIYDY",
        "smile": "CCC(C)C(NC(=O)C1CCCN1C(=O)C(CCCNC(=N)N)NC(=O)C(CC(C)C)NC(=O)C(CC(C)C)NC(=O)C(N)CCCNC(=N)N)C(=O)NC(Cc1ccc(O)cc1)C(=O)NC(CC(=O)O)C(=O)NC(Cc1ccc(O)cc1)C(=O)O"
    },
    "SALANPIGK": {
        "aa": "SALANPIGK",
        "smile": "CCC(C)C(NC(=O)C1CCCN1C(=O)C(CC(N)=O)NC(=O)C(C)NC(=O)C(CC(C)C)NC(=O)C(C)NC(=O)C(N)CO)C(=O)NCC(=O)NC(CCCCN)C(=O)O"
    },
    "SMLFARHLR": {
        "aa": "SMLFARHLR",
        "smile": "CSCCC(NC(=O)C(N)CO)C(=O)NC(CC(C)C)C(=O)NC(Cc1ccccc1)C(=O)NC(C)C(=O)NC(CCCNC(=N)N)C(=O)NC(Cc1c[nH]cn1)C(=O)NC(CC(C)C)C(=O)NC(CCCNC(=N)N)C(=O)O"
    },
    "SVSDSHVYK": {
        "aa": "SVSDSHVYK",
        "smile": "CC(C)C(NC(=O)C(N)CO)C(=O)NC(CO)C(=O)NC(CC(=O)O)C(=O)NC(CO)C(=O)NC(Cc1c[nH]cn1)C(=O)NC(C(=O)NC(Cc1ccc(O)cc1)C(=O)NC(CCCCN)C(=O)O)C(C)C"
    },
    "VIAVASSMR": {
        "aa": "VIAVASSMR",
        "smile": "CCC(C)C(NC(=O)C(N)C(C)C)C(=O)NC(C)C(=O)NC(C(=O)NC(C)C(=O)NC(CO)C(=O)NC(CO)C(=O)NC(CCSC)C(=O)NC(CCCNC(=N)N)C(=O)O)C(C)C"
    },
    "VTFNGQVFK": {
        "aa": "VTFNGQVFK",
        "smile": "CC(C)C(N)C(=O)NC(C(=O)NC(Cc1ccccc1)C(=O)NC(CC(N)=O)C(=O)NCC(=O)NC(CCC(N)=O)C(=O)NC(C(=O)NC(Cc1ccccc1)C(=O)NC(CCCCN)C(=O)O)C(C)C)C(C)O"
    },
    "VVGAAGVGK": {
        "aa": "VVGAAGVGK",
        "smile": "CC(NC(=O)CNC(=O)C(NC(=O)C(N)C(C)C)C(C)C)C(=O)NC(C)C(=O)NCC(=O)NC(C(=O)NCC(=O)NC(CCCCN)C(=O)O)C(C)C"
    },
    "FTANPPSQTK": {
        "aa": "FTANPPSQTK",
        "smile": "CC(NC(=O)C(NC(=O)C(N)Cc1ccccc1)C(C)O)C(=O)NC(CC(N)=O)C(=O)N1CCCC1C(=O)N1CCCC1C(=O)NC(CO)C(=O)NC(CCC(N)=O)C(=O)NC(C(=O)NC(CCCCN)C(=O)O)C(C)O"
    },
    "GAFMRPITLK": {
        "aa": "GAFMRPITLK",
        "smile": "CCC(C)C(NC(=O)C1CCCN1C(=O)C(CCCNC(=N)N)NC(=O)C(CCSC)NC(=O)C(Cc1ccccc1)NC(=O)C(C)NC(=O)CN)C(=O)NC(C(=O)NC(CC(C)C)C(=O)NC(CCCCN)C(=O)O)C(C)O"
    },
    "GVLPNYSEGK": {
        "aa": "GVLPNYSEGK",
        "smile": "CC(C)CC(NC(=O)C(NC(=O)CN)C(C)C)C(=O)N1CCCC1C(=O)NC(CC(N)=O)C(=O)NC(Cc1ccc(O)cc1)C(=O)NC(CO)C(=O)NC(CCC(=O)O)C(=O)NCC(=O)NC(CCCCN)C(=O)O"
    },
    "KIFLCNARVK": {
        "aa": "KIFLCNARVK",
        "smile": "CCC(C)C(NC(=O)C(N)CCCCN)C(=O)NC(Cc1ccccc1)C(=O)NC(CC(C)C)C(=O)NC(CS)C(=O)NC(CC(N)=O)C(=O)NC(C)C(=O)NC(CCCNC(=N)N)C(=O)NC(C(=O)NC(CCCCN)C(=O)O)C(C)C"
    },
    "LSVSDSHVYK": {
        "aa": "LSVSDSHVYK",
        "smile": "CC(C)CC(N)C(=O)NC(CO)C(=O)NC(C(=O)NC(CO)C(=O)NC(CC(=O)O)C(=O)NC(CO)C(=O)NC(Cc1c[nH]cn1)C(=O)NC(C(=O)NC(Cc1ccc(O)cc1)C(=O)NC(CCCCN)C(=O)O)C(C)C)C(C)C"
    },
    "NLWPVPHGLK": {
        "aa": "NLWPVPHGLK",
        "smile": "CC(C)CC(NC(=O)CNC(=O)C(Cc1c[nH]cn1)NC(=O)C1CCCN1C(=O)C(NC(=O)C1CCCN1C(=O)C(Cc1c[nH]c2ccccc12)NC(=O)C(CC(C)C)NC(=O)C(N)CC(N)=O)C(C)C)C(=O)NC(CCCCN)C(=O)O"
    },
    "RSMLFARHLR": {
        "aa": "RSMLFARHLR",
        "smile": "CSCCC(NC(=O)C(CO)NC(=O)C(N)CCCNC(=N)N)C(=O)NC(CC(C)C)C(=O)NC(Cc1ccccc1)C(=O)NC(C)C(=O)NC(CCCNC(=N)N)C(=O)NC(Cc1c[nH]cn1)C(=O)NC(CC(C)C)C(=O)NC(CCCNC(=N)N)C(=O)O"
    },
    "SPLCNFNIIK": {
        "aa": "SPLCNFNIIK",
        "smile": "CCC(C)C(NC(=O)C(CC(N)=O)NC(=O)C(Cc1ccccc1)NC(=O)C(CC(N)=O)NC(=O)C(CS)NC(=O)C(CC(C)C)NC(=O)C1CCCN1C(=O)C(N)CO)C(=O)NC(C(=O)NC(CCCCN)C(=O)O)C(C)CC"
    },
    "SQYCRPISTK": {
        "aa": "SQYCRPISTK",
        "smile": "CCC(C)C(NC(=O)C1CCCN1C(=O)C(CCCNC(=N)N)NC(=O)C(CS)NC(=O)C(Cc1ccc(O)cc1)NC(=O)C(CCC(N)=O)NC(=O)C(N)CO)C(=O)NC(CO)C(=O)NC(C(=O)NC(CCCCN)C(=O)O)C(C)O"
    },
    "SVSDSHVYKY": {
        "aa": "SVSDSHVYKY",
        "smile": "CC(C)C(NC(=O)C(N)CO)C(=O)NC(CO)C(=O)NC(CC(=O)O)C(=O)NC(CO)C(=O)NC(Cc1c[nH]cn1)C(=O)NC(C(=O)NC(Cc1ccc(O)cc1)C(=O)NC(CCCCN)C(=O)NC(Cc1ccc(O)cc1)C(=O)O)C(C)C"
    },
    "TDTGVHATLK": {
        "aa": "TDTGVHATLK",
        "smile": "CC(C)CC(NC(=O)C(NC(=O)C(C)NC(=O)C(Cc1c[nH]cn1)NC(=O)C(NC(=O)CNC(=O)C(NC(=O)C(CC(=O)O)NC(=O)C(N)C(C)O)C(C)O)C(C)C)C(C)O)C(=O)NC(CCCCN)C(=O)O"
    },
    "VVVGAAGVGK": {
        "aa": "VVVGAAGVGK",
        "smile": "CC(NC(=O)CNC(=O)C(NC(=O)C(NC(=O)C(N)C(C)C)C(C)C)C(C)C)C(=O)NC(C)C(=O)NCC(=O)NC(C(=O)NCC(=O)NC(CCCCN)C(=O)O)C(C)C"
    },
    "YSNFISHLAK": {
        "aa": "YSNFISHLAK",
        "smile": "CCC(C)C(NC(=O)C(Cc1ccccc1)NC(=O)C(CC(N)=O)NC(=O)C(CO)NC(=O)C(N)Cc1ccc(O)cc1)C(=O)NC(CO)C(=O)NC(Cc1c[nH]cn1)C(=O)NC(CC(C)C)C(=O)NC(C)C(=O)NC(CCCCN)C(=O)O"
    },
    "AWLLRKNFF": {
        "aa": "AWLLRKNFF",
        "smile": "CC(C)CC(NC(=O)C(Cc1c[nH]c2ccccc12)NC(=O)C(C)N)C(=O)NC(CC(C)C)C(=O)NC(CCCNC(=N)N)C(=O)NC(CCCCN)C(=O)NC(CC(N)=O)C(=O)NC(Cc1ccccc1)C(=O)NC(Cc1ccccc1)C(=O)O"
    },
    "AYGNNCDGI": {
        "aa": "AYGNNCDGI",
        "smile": "CCC(C)C(NC(=O)CNC(=O)C(CC(=O)O)NC(=O)C(CS)NC(=O)C(CC(N)=O)NC(=O)C(CC(N)=O)NC(=O)CNC(=O)C(Cc1ccc(O)cc1)NC(=O)C(C)N)C(=O)O"
    },
    "AYYFMVKVW": {
        "aa": "AYYFMVKVW",
        "smile": "CSCCC(NC(=O)C(Cc1ccccc1)NC(=O)C(Cc1ccc(O)cc1)NC(=O)C(Cc1ccc(O)cc1)NC(=O)C(C)N)C(=O)NC(C(=O)NC(CCCCN)C(=O)NC(C(=O)NC(Cc1c[nH]c2ccccc12)C(=O)O)C(C)C)C(C)C"
    },
    "IYANMFKKF": {
        "aa": "IYANMFKKF",
        "smile": "CCC(C)C(N)C(=O)NC(Cc1ccc(O)cc1)C(=O)NC(C)C(=O)NC(CC(N)=O)C(=O)NC(CCSC)C(=O)NC(Cc1ccccc1)C(=O)NC(CCCCN)C(=O)NC(CCCCN)C(=O)NC(Cc1ccccc1)C(=O)O"
    },
    "PWQASLFHL": {
        "aa": "PWQASLFHL",
        "smile": "CC(C)CC(NC(=O)C(Cc1c[nH]cn1)NC(=O)C(Cc1ccccc1)NC(=O)C(CC(C)C)NC(=O)C(CO)NC(=O)C(C)NC(=O)C(CCC(N)=O)NC(=O)C(Cc1c[nH]c2ccccc12)NC(=O)C1CCCN1)C(=O)O"
    },
    "RVVSGAYYF": {
        "aa": "RVVSGAYYF",
        "smile": "CC(NC(=O)CNC(=O)C(CO)NC(=O)C(NC(=O)C(NC(=O)C(N)CCCNC(=N)N)C(C)C)C(C)C)C(=O)NC(Cc1ccc(O)cc1)C(=O)NC(Cc1ccc(O)cc1)C(=O)NC(Cc1ccccc1)C(=O)O"
    },
    "VYCEEYYLF": {
        "aa": "VYCEEYYLF",
        "smile": "CC(C)CC(NC(=O)C(Cc1ccc(O)cc1)NC(=O)C(Cc1ccc(O)cc1)NC(=O)C(CCC(=O)O)NC(=O)C(CCC(=O)O)NC(=O)C(CS)NC(=O)C(Cc1ccc(O)cc1)NC(=O)C(N)C(C)C)C(=O)NC(Cc1ccccc1)C(=O)O"
    },
    "AYQKAPTKQF": {
        "aa": "AYQKAPTKQF",
        "smile": "CC(N)C(=O)NC(Cc1ccc(O)cc1)C(=O)NC(CCC(N)=O)C(=O)NC(CCCCN)C(=O)NC(C)C(=O)N1CCCC1C(=O)NC(C(=O)NC(CCCCN)C(=O)NC(CCC(N)=O)C(=O)NC(Cc1ccccc1)C(=O)O)C(C)O"
    },
    "LDYVENLAKF": {
        "aa": "LDYVENLAKF",
        "smile": "CC(C)CC(N)C(=O)NC(CC(=O)O)C(=O)NC(Cc1ccc(O)cc1)C(=O)NC(C(=O)NC(CCC(=O)O)C(=O)NC(CC(N)=O)C(=O)NC(CC(C)C)C(=O)NC(C)C(=O)NC(CCCCN)C(=O)NC(Cc1ccccc1)C(=O)O)C(C)C"
    },
    "LLYEDVFPVW": {
        "aa": "LLYEDVFPVW",
        "smile": "CC(C)CC(N)C(=O)NC(CC(C)C)C(=O)NC(Cc1ccc(O)cc1)C(=O)NC(CCC(=O)O)C(=O)NC(CC(=O)O)C(=O)NC(C(=O)NC(Cc1ccccc1)C(=O)N1CCCC1C(=O)NC(C(=O)NC(Cc1c[nH]c2ccccc12)C(=O)O)C(C)C)C(C)C"
    },
    "QPWQASLFHL": {
        "aa": "QPWQASLFHL",
        "smile": "CC(C)CC(NC(=O)C(Cc1c[nH]cn1)NC(=O)C(Cc1ccccc1)NC(=O)C(CC(C)C)NC(=O)C(CO)NC(=O)C(C)NC(=O)C(CCC(N)=O)NC(=O)C(Cc1c[nH]c2ccccc12)NC(=O)C1CCCN1C(=O)C(N)CCC(N)=O)C(=O)O"
    },
    "RHSPAPFSKF": {
        "aa": "RHSPAPFSKF",
        "smile": "CC(NC(=O)C1CCCN1C(=O)C(CO)NC(=O)C(Cc1c[nH]cn1)NC(=O)C(N)CCCNC(=N)N)C(=O)N1CCCC1C(=O)NC(Cc1ccccc1)C(=O)NC(CO)C(=O)NC(CCCCN)C(=O)NC(Cc1ccccc1)C(=O)O"
    },
    "RMPKLLKSLF": {
        "aa": "RMPKLLKSLF",
        "smile": "CSCCC(NC(=O)C(N)CCCNC(=N)N)C(=O)N1CCCC1C(=O)NC(CCCCN)C(=O)NC(CC(C)C)C(=O)NC(CC(C)C)C(=O)NC(CCCCN)C(=O)NC(CO)C(=O)NC(CC(C)C)C(=O)NC(Cc1ccccc1)C(=O)O"
    },
    "SLVPCLPEFF": {
        "aa": "SLVPCLPEFF",
        "smile": "CC(C)CC(NC(=O)C(N)CO)C(=O)NC(C(=O)N1CCCC1C(=O)NC(CS)C(=O)NC(CC(C)C)C(=O)N1CCCC1C(=O)NC(CCC(=O)O)C(=O)NC(Cc1ccccc1)C(=O)NC(Cc1ccccc1)C(=O)O)C(C)C"
    },
    "VFIQTRGGTF": {
        "aa": "VFIQTRGGTF",
        "smile": "CCC(C)C(NC(=O)C(Cc1ccccc1)NC(=O)C(N)C(C)C)C(=O)NC(CCC(N)=O)C(=O)NC(C(=O)NC(CCCNC(=N)N)C(=O)NCC(=O)NCC(=O)NC(C(=O)NC(Cc1ccccc1)C(=O)O)C(C)O)C(C)O"
    },
    "VYCEEYYLFS": {
        "aa": "VYCEEYYLFS",
        "smile": "CC(C)CC(NC(=O)C(Cc1ccc(O)cc1)NC(=O)C(Cc1ccc(O)cc1)NC(=O)C(CCC(=O)O)NC(=O)C(CCC(=O)O)NC(=O)C(CS)NC(=O)C(Cc1ccc(O)cc1)NC(=O)C(N)C(C)C)C(=O)NC(Cc1ccccc1)C(=O)NC(CO)C(=O)O"
    },
    "VYPFYRFRLI": {
        "aa": "VYPFYRFRLI",
        "smile": "CCC(C)C(NC(=O)C(CC(C)C)NC(=O)C(CCCNC(=N)N)NC(=O)C(Cc1ccccc1)NC(=O)C(CCCNC(=N)N)NC(=O)C(Cc1ccc(O)cc1)NC(=O)C(Cc1ccccc1)NC(=O)C1CCCN1C(=O)C(Cc1ccc(O)cc1)NC(=O)C(N)C(C)C)C(=O)O"
    },
    "ATFEEWFPQR": {
        "aa": "ATFEEWFPQR",
        "smile": "CC(N)C(=O)NC(C(=O)NC(Cc1ccccc1)C(=O)NC(CCC(=O)O)C(=O)NC(CCC(=O)O)C(=O)NC(Cc1c[nH]c2ccccc12)C(=O)NC(Cc1ccccc1)C(=O)N1CCCC1C(=O)NC(CCC(N)=O)C(=O)NC(CCCNC(=N)N)C(=O)O)C(C)O"
    },
    "CTFCPPPLPK": {
        "aa": "CTFCPPPLPK",
        "smile": "CC(C)CC(NC(=O)C1CCCN1C(=O)C1CCCN1C(=O)C1CCCN1C(=O)C(CS)NC(=O)C(Cc1ccccc1)NC(=O)C(NC(=O)C(N)CS)C(C)O)C(=O)N1CCCC1C(=O)NC(CCCCN)C(=O)O"
    },
    "DTIDVSKLNR": {
        "aa": "DTIDVSKLNR",
        "smile": "CCC(C)C(NC(=O)C(NC(=O)C(N)CC(=O)O)C(C)O)C(=O)NC(CC(=O)O)C(=O)NC(C(=O)NC(CO)C(=O)NC(CCCCN)C(=O)NC(CC(C)C)C(=O)NC(CC(N)=O)C(=O)NC(CCCNC(=N)N)C(=O)O)C(C)C"
    },
    "FSAVNSLIQR": {
        "aa": "FSAVNSLIQR",
        "smile": "CCC(C)C(NC(=O)C(CC(C)C)NC(=O)C(CO)NC(=O)C(CC(N)=O)NC(=O)C(NC(=O)C(C)NC(=O)C(CO)NC(=O)C(N)Cc1ccccc1)C(C)C)C(=O)NC(CCC(N)=O)C(=O)NC(CCCNC(=N)N)C(=O)O"
    },
    "FVFSKYCHRA": {
        "aa": "FVFSKYCHRA",
        "smile": "CC(NC(=O)C(CCCNC(=N)N)NC(=O)C(Cc1c[nH]cn1)NC(=O)C(CS)NC(=O)C(Cc1ccc(O)cc1)NC(=O)C(CCCCN)NC(=O)C(CO)NC(=O)C(Cc1ccccc1)NC(=O)C(NC(=O)C(N)Cc1ccccc1)C(C)C)C(=O)O"
    },
    "ITNFYETAMR": {
        "aa": "ITNFYETAMR",
        "smile": "CCC(C)C(N)C(=O)NC(C(=O)NC(CC(N)=O)C(=O)NC(Cc1ccccc1)C(=O)NC(Cc1ccc(O)cc1)C(=O)NC(CCC(=O)O)C(=O)NC(C(=O)NC(C)C(=O)NC(CCSC)C(=O)NC(CCCNC(=N)N)C(=O)O)C(C)O)C(C)O"
    },
    "MPKMGKTIYK": {
        "aa": "MPKMGKTIYK",
        "smile": "CCC(C)C(NC(=O)C(NC(=O)C(CCCCN)NC(=O)CNC(=O)C(CCSC)NC(=O)C(CCCCN)NC(=O)C1CCCN1C(=O)C(N)CCSC)C(C)O)C(=O)NC(Cc1ccc(O)cc1)C(=O)NC(CCCCN)C(=O)O"
    },
    "SSAFLQLTAK": {
        "aa": "SSAFLQLTAK",
        "smile": "CC(C)CC(NC(=O)C(Cc1ccccc1)NC(=O)C(C)NC(=O)C(CO)NC(=O)C(N)CO)C(=O)NC(CCC(N)=O)C(=O)NC(CC(C)C)C(=O)NC(C(=O)NC(C)C(=O)NC(CCCCN)C(=O)O)C(C)O"
    },
    "TILGEFQYFK": {
        "aa": "TILGEFQYFK",
        "smile": "CCC(C)C(NC(=O)C(N)C(C)O)C(=O)NC(CC(C)C)C(=O)NCC(=O)NC(CCC(=O)O)C(=O)NC(Cc1ccccc1)C(=O)NC(CCC(N)=O)C(=O)NC(Cc1ccc(O)cc1)C(=O)NC(Cc1ccccc1)C(=O)NC(CCCCN)C(=O)O"
    },
    "ATAAARGPV": {
        "aa": "ATAAARGPV",
        "smile": "CC(N)C(=O)NC(C(=O)NC(C)C(=O)NC(C)C(=O)NC(C)C(=O)NC(CCCNC(=N)N)C(=O)NCC(=O)N1CCCC1C(=O)NC(C(=O)O)C(C)C)C(C)O"
    },
    "GPSPSSEAL": {
        "aa": "GPSPSSEAL",
        "smile": "CC(C)CC(NC(=O)C(C)NC(=O)C(CCC(=O)O)NC(=O)C(CO)NC(=O)C(CO)NC(=O)C1CCCN1C(=O)C(CO)NC(=O)C1CCCN1C(=O)CN)C(=O)O"
    },
    "GPVEEVRAL": {
        "aa": "GPVEEVRAL",
        "smile": "CC(C)CC(NC(=O)C(C)NC(=O)C(CCCNC(=N)N)NC(=O)C(NC(=O)C(CCC(=O)O)NC(=O)C(CCC(=O)O)NC(=O)C(NC(=O)C1CCCN1C(=O)CN)C(C)C)C(C)C)C(=O)O"
    },
    "KPANHRGQL": {
        "aa": "KPANHRGQL",
        "smile": "CC(C)CC(NC(=O)C(CCC(N)=O)NC(=O)CNC(=O)C(CCCNC(=N)N)NC(=O)C(Cc1c[nH]cn1)NC(=O)C(CC(N)=O)NC(=O)C(C)NC(=O)C1CCCN1C(=O)C(N)CCCCN)C(=O)O"
    },
    "LPGLILYTL": {
        "aa": "LPGLILYTL",
        "smile": "CCC(C)C(NC(=O)C(CC(C)C)NC(=O)CNC(=O)C1CCCN1C(=O)C(N)CC(C)C)C(=O)NC(CC(C)C)C(=O)NC(Cc1ccc(O)cc1)C(=O)NC(C(=O)NC(CC(C)C)C(=O)O)C(C)O"
    },
    "RGRMQTASL": {
        "aa": "RGRMQTASL",
        "smile": "CSCCC(NC(=O)C(CCCNC(=N)N)NC(=O)CNC(=O)C(N)CCCNC(=N)N)C(=O)NC(CCC(N)=O)C(=O)NC(C(=O)NC(C)C(=O)NC(CO)C(=O)NC(CC(C)C)C(=O)O)C(C)O"
    },
    "RPTYEEGFL": {
        "aa": "RPTYEEGFL",
        "smile": "CC(C)CC(NC(=O)C(Cc1ccccc1)NC(=O)CNC(=O)C(CCC(=O)O)NC(=O)C(CCC(=O)O)NC(=O)C(Cc1ccc(O)cc1)NC(=O)C(NC(=O)C1CCCN1C(=O)C(N)CCCNC(=N)N)C(C)O)C(=O)O"
    },
    "RPVGGRPGW": {
        "aa": "RPVGGRPGW",
        "smile": "CC(C)C(NC(=O)C1CCCN1C(=O)C(N)CCCNC(=N)N)C(=O)NCC(=O)NCC(=O)NC(CCCNC(=N)N)C(=O)N1CCCC1C(=O)NCC(=O)NC(Cc1c[nH]c2ccccc12)C(=O)O"
    },
    "RPVWKLVKV": {
        "aa": "RPVWKLVKV",
        "smile": "CC(C)CC(NC(=O)C(CCCCN)NC(=O)C(Cc1c[nH]c2ccccc12)NC(=O)C(NC(=O)C1CCCN1C(=O)C(N)CCCNC(=N)N)C(C)C)C(=O)NC(C(=O)NC(CCCCN)C(=O)NC(C(=O)O)C(C)C)C(C)C"
    },
    "SPWKDGDEL": {
        "aa": "SPWKDGDEL",
        "smile": "CC(C)CC(NC(=O)C(CCC(=O)O)NC(=O)C(CC(=O)O)NC(=O)CNC(=O)C(CC(=O)O)NC(=O)C(CCCCN)NC(=O)C(Cc1c[nH]c2ccccc12)NC(=O)C1CCCN1C(=O)C(N)CO)C(=O)O"
    },
    "VPTLGRGGW": {
        "aa": "VPTLGRGGW",
        "smile": "CC(C)CC(NC(=O)C(NC(=O)C1CCCN1C(=O)C(N)C(C)C)C(C)O)C(=O)NCC(=O)NC(CCCNC(=N)N)C(=O)NCC(=O)NCC(=O)NC(Cc1c[nH]c2ccccc12)C(=O)O"
    },
    "AIRVRTFRA": {
        "aa": "AIRVRTFRA",
        "smile": "CCC(C)C(NC(=O)C(C)N)C(=O)NC(CCCNC(=N)N)C(=O)NC(C(=O)NC(CCCNC(=N)N)C(=O)NC(C(=O)NC(Cc1ccccc1)C(=O)NC(CCCNC(=N)N)C(=O)NC(C)C(=O)O)C(C)O)C(C)C"
    },
    "ALVNKRNAL": {
        "aa": "ALVNKRNAL",
        "smile": "CC(C)CC(NC(=O)C(C)NC(=O)C(CC(N)=O)NC(=O)C(CCCNC(=N)N)NC(=O)C(CCCCN)NC(=O)C(CC(N)=O)NC(=O)C(NC(=O)C(CC(C)C)NC(=O)C(C)N)C(C)C)C(=O)O"
    },
    "APFSKFSTF": {
        "aa": "APFSKFSTF",
        "smile": "CC(N)C(=O)N1CCCC1C(=O)NC(Cc1ccccc1)C(=O)NC(CO)C(=O)NC(CCCCN)C(=O)NC(Cc1ccccc1)C(=O)NC(CO)C(=O)NC(C(=O)NC(Cc1ccccc1)C(=O)O)C(C)O"
    },
    "DLLLRTAQL": {
        "aa": "DLLLRTAQL",
        "smile": "CC(C)CC(NC(=O)C(CCC(N)=O)NC(=O)C(C)NC(=O)C(NC(=O)C(CCCNC(=N)N)NC(=O)C(CC(C)C)NC(=O)C(CC(C)C)NC(=O)C(CC(C)C)NC(=O)C(N)CC(=O)O)C(C)O)C(=O)O"
    },
    "EIRSRNNAL": {
        "aa": "EIRSRNNAL",
        "smile": "CCC(C)C(NC(=O)C(N)CCC(=O)O)C(=O)NC(CCCNC(=N)N)C(=O)NC(CO)C(=O)NC(CCCNC(=N)N)C(=O)NC(CC(N)=O)C(=O)NC(CC(N)=O)C(=O)NC(C)C(=O)NC(CC(C)C)C(=O)O"
    },
    "ELKEKTLNL": {
        "aa": "ELKEKTLNL",
        "smile": "CC(C)CC(NC(=O)C(CC(N)=O)NC(=O)C(CC(C)C)NC(=O)C(NC(=O)C(CCCCN)NC(=O)C(CCC(=O)O)NC(=O)C(CCCCN)NC(=O)C(CC(C)C)NC(=O)C(N)CCC(=O)O)C(C)O)C(=O)O"
    },
    "EVKEVFQAL": {
        "aa": "EVKEVFQAL",
        "smile": "CC(C)CC(NC(=O)C(C)NC(=O)C(CCC(N)=O)NC(=O)C(Cc1ccccc1)NC(=O)C(NC(=O)C(CCC(=O)O)NC(=O)C(CCCCN)NC(=O)C(NC(=O)C(N)CCC(=O)O)C(C)C)C(C)C)C(=O)O"
    },
    "FPRKPRPKL": {
        "aa": "FPRKPRPKL",
        "smile": "CC(C)CC(NC(=O)C(CCCCN)NC(=O)C1CCCN1C(=O)C(CCCNC(=N)N)NC(=O)C1CCCN1C(=O)C(CCCCN)NC(=O)C(CCCNC(=N)N)NC(=O)C1CCCN1C(=O)C(N)Cc1ccccc1)C(=O)O"
    },
    "FPYCRAHVL": {
        "aa": "FPYCRAHVL",
        "smile": "CC(C)CC(NC(=O)C(NC(=O)C(Cc1c[nH]cn1)NC(=O)C(C)NC(=O)C(CCCNC(=N)N)NC(=O)C(CS)NC(=O)C(Cc1ccc(O)cc1)NC(=O)C1CCCN1C(=O)C(N)Cc1ccccc1)C(C)C)C(=O)O"
    },
    "FRLLRYQPL": {
        "aa": "FRLLRYQPL",
        "smile": "CC(C)CC(NC(=O)C1CCCN1C(=O)C(CCC(N)=O)NC(=O)C(Cc1ccc(O)cc1)NC(=O)C(CCCNC(=N)N)NC(=O)C(CC(C)C)NC(=O)C(CC(C)C)NC(=O)C(CCCNC(=N)N)NC(=O)C(N)Cc1ccccc1)C(=O)O"
    },
    "HALRRHYHL": {
        "aa": "HALRRHYHL",
        "smile": "CC(C)CC(NC(=O)C(Cc1c[nH]cn1)NC(=O)C(Cc1ccc(O)cc1)NC(=O)C(Cc1c[nH]cn1)NC(=O)C(CCCNC(=N)N)NC(=O)C(CCCNC(=N)N)NC(=O)C(CC(C)C)NC(=O)C(C)NC(=O)C(N)Cc1c[nH]cn1)C(=O)O"
    },
    "HMKAKLAML": {
        "aa": "HMKAKLAML",
        "smile": "CSCCC(NC(=O)C(N)Cc1c[nH]cn1)C(=O)NC(CCCCN)C(=O)NC(C)C(=O)NC(CCCCN)C(=O)NC(CC(C)C)C(=O)NC(C)C(=O)NC(CCSC)C(=O)NC(CC(C)C)C(=O)O"
    },
    "ILTTRIHKL": {
        "aa": "ILTTRIHKL",
        "smile": "CCC(C)C(N)C(=O)NC(CC(C)C)C(=O)NC(C(=O)NC(C(=O)NC(CCCNC(=N)N)C(=O)NC(C(=O)NC(Cc1c[nH]cn1)C(=O)NC(CCCCN)C(=O)NC(CC(C)C)C(=O)O)C(C)CC)C(C)O)C(C)O"
    },
    "IVHHRIHTA": {
        "aa": "IVHHRIHTA",
        "smile": "CCC(C)C(N)C(=O)NC(C(=O)NC(Cc1c[nH]cn1)C(=O)NC(Cc1c[nH]cn1)C(=O)NC(CCCNC(=N)N)C(=O)NC(C(=O)NC(Cc1c[nH]cn1)C(=O)NC(C(=O)NC(C)C(=O)O)C(C)O)C(C)CC)C(C)C"
    },
    "MIRRRRPTL": {
        "aa": "MIRRRRPTL",
        "smile": "CCC(C)C(NC(=O)C(N)CCSC)C(=O)NC(CCCNC(=N)N)C(=O)NC(CCCNC(=N)N)C(=O)NC(CCCNC(=N)N)C(=O)NC(CCCNC(=N)N)C(=O)N1CCCC1C(=O)NC(C(=O)NC(CC(C)C)C(=O)O)C(C)O"
    },
    "MLRELSSAF": {
        "aa": "MLRELSSAF",
        "smile": "CSCCC(N)C(=O)NC(CC(C)C)C(=O)NC(CCCNC(=N)N)C(=O)NC(CCC(=O)O)C(=O)NC(CC(C)C)C(=O)NC(CO)C(=O)NC(CO)C(=O)NC(C)C(=O)NC(Cc1ccccc1)C(=O)O"
    },
    "NSVRKRMSV": {
        "aa": "NSVRKRMSV",
        "smile": "CSCCC(NC(=O)C(CCCNC(=N)N)NC(=O)C(CCCCN)NC(=O)C(CCCNC(=N)N)NC(=O)C(NC(=O)C(CO)NC(=O)C(N)CC(N)=O)C(C)C)C(=O)NC(CO)C(=O)NC(C(=O)O)C(C)C"
    },
    "WGKLHVASL": {
        "aa": "WGKLHVASL",
        "smile": "CC(C)CC(NC(=O)C(CO)NC(=O)C(C)NC(=O)C(NC(=O)C(Cc1c[nH]cn1)NC(=O)C(CC(C)C)NC(=O)C(CCCCN)NC(=O)CNC(=O)C(N)Cc1c[nH]c2ccccc12)C(C)C)C(=O)O"
    },
    "YGYSRVNPM": {
        "aa": "YGYSRVNPM",
        "smile": "CSCCC(NC(=O)C1CCCN1C(=O)C(CC(N)=O)NC(=O)C(NC(=O)C(CCCNC(=N)N)NC(=O)C(CO)NC(=O)C(Cc1ccc(O)cc1)NC(=O)CNC(=O)C(N)Cc1ccc(O)cc1)C(C)C)C(=O)O"
    },
    "YLLLRNLSI": {
        "aa": "YLLLRNLSI",
        "smile": "CCC(C)C(NC(=O)C(CO)NC(=O)C(CC(C)C)NC(=O)C(CC(N)=O)NC(=O)C(CCCNC(=N)N)NC(=O)C(CC(C)C)NC(=O)C(CC(C)C)NC(=O)C(CC(C)C)NC(=O)C(N)Cc1ccc(O)cc1)C(=O)O"
    },
    "YPRYRLEPM": {
        "aa": "YPRYRLEPM",
        "smile": "CSCCC(NC(=O)C1CCCN1C(=O)C(CCC(=O)O)NC(=O)C(CC(C)C)NC(=O)C(CCCNC(=N)N)NC(=O)C(Cc1ccc(O)cc1)NC(=O)C(CCCNC(=N)N)NC(=O)C1CCCN1C(=O)C(N)Cc1ccc(O)cc1)C(=O)O"
    },
    "AELLAKQLY": {
        "aa": "AELLAKQLY",
        "smile": "CC(C)CC(NC(=O)C(CC(C)C)NC(=O)C(CCC(=O)O)NC(=O)C(C)N)C(=O)NC(C)C(=O)NC(CCCCN)C(=O)NC(CCC(N)=O)C(=O)NC(CC(C)C)C(=O)NC(Cc1ccc(O)cc1)C(=O)O"
    },
    "AEYQDMHSY": {
        "aa": "AEYQDMHSY",
        "smile": "CSCCC(NC(=O)C(CC(=O)O)NC(=O)C(CCC(N)=O)NC(=O)C(Cc1ccc(O)cc1)NC(=O)C(CCC(=O)O)NC(=O)C(C)N)C(=O)NC(Cc1c[nH]cn1)C(=O)NC(CO)C(=O)NC(Cc1ccc(O)cc1)C(=O)O"
    },
    "EAIYETYTW": {
        "aa": "EAIYETYTW",
        "smile": "CCC(C)C(NC(=O)C(C)NC(=O)C(N)CCC(=O)O)C(=O)NC(Cc1ccc(O)cc1)C(=O)NC(CCC(=O)O)C(=O)NC(C(=O)NC(Cc1ccc(O)cc1)C(=O)NC(C(=O)NC(Cc1c[nH]c2ccccc12)C(=O)O)C(C)O)C(C)O"
    },
    "EEQCLQWDL": {
        "aa": "EEQCLQWDL",
        "smile": "CC(C)CC(NC(=O)C(CC(=O)O)NC(=O)C(Cc1c[nH]c2ccccc12)NC(=O)C(CCC(N)=O)NC(=O)C(CC(C)C)NC(=O)C(CS)NC(=O)C(CCC(N)=O)NC(=O)C(CCC(=O)O)NC(=O)C(N)CCC(=O)O)C(=O)O"
    },
    "EEQEPVQQL": {
        "aa": "EEQEPVQQL",
        "smile": "CC(C)CC(NC(=O)C(CCC(N)=O)NC(=O)C(CCC(N)=O)NC(=O)C(NC(=O)C1CCCN1C(=O)C(CCC(=O)O)NC(=O)C(CCC(N)=O)NC(=O)C(CCC(=O)O)NC(=O)C(N)CCC(=O)O)C(C)C)C(=O)O"
    },
    "EEYYLFSGF": {
        "aa": "EEYYLFSGF",
        "smile": "CC(C)CC(NC(=O)C(Cc1ccc(O)cc1)NC(=O)C(Cc1ccc(O)cc1)NC(=O)C(CCC(=O)O)NC(=O)C(N)CCC(=O)O)C(=O)NC(Cc1ccccc1)C(=O)NC(CO)C(=O)NCC(=O)NC(Cc1ccccc1)C(=O)O"
    },
    "GEEVLLHAF": {
        "aa": "GEEVLLHAF",
        "smile": "CC(C)CC(NC(=O)C(CC(C)C)NC(=O)C(NC(=O)C(CCC(=O)O)NC(=O)C(CCC(=O)O)NC(=O)CN)C(C)C)C(=O)NC(Cc1c[nH]cn1)C(=O)NC(C)C(=O)NC(Cc1ccccc1)C(=O)O"
    },
    "KEIIPQCIA": {
        "aa": "KEIIPQCIA",
        "smile": "CCC(C)C(NC(=O)C(CS)NC(=O)C(CCC(N)=O)NC(=O)C1CCCN1C(=O)C(NC(=O)C(NC(=O)C(CCC(=O)O)NC(=O)C(N)CCCCN)C(C)CC)C(C)CC)C(=O)NC(C)C(=O)O"
    },
    "QEAWTAAAM": {
        "aa": "QEAWTAAAM",
        "smile": "CSCCC(NC(=O)C(C)NC(=O)C(C)NC(=O)C(C)NC(=O)C(NC(=O)C(Cc1c[nH]c2ccccc12)NC(=O)C(C)NC(=O)C(CCC(=O)O)NC(=O)C(N)CCC(N)=O)C(C)O)C(=O)O"
    },
    "REYLYVYKI": {
        "aa": "REYLYVYKI",
        "smile": "CCC(C)C(NC(=O)C(CCCCN)NC(=O)C(Cc1ccc(O)cc1)NC(=O)C(NC(=O)C(Cc1ccc(O)cc1)NC(=O)C(CC(C)C)NC(=O)C(Cc1ccc(O)cc1)NC(=O)C(CCC(=O)O)NC(=O)C(N)CCCNC(=N)N)C(C)C)C(=O)O"
    },
    "SEGKLPYSY": {
        "aa": "SEGKLPYSY",
        "smile": "CC(C)CC(NC(=O)C(CCCCN)NC(=O)CNC(=O)C(CCC(=O)O)NC(=O)C(N)CO)C(=O)N1CCCC1C(=O)NC(Cc1ccc(O)cc1)C(=O)NC(CO)C(=O)NC(Cc1ccc(O)cc1)C(=O)O"
    },
    "SERVLTEIF": {
        "aa": "SERVLTEIF",
        "smile": "CCC(C)C(NC(=O)C(CCC(=O)O)NC(=O)C(NC(=O)C(CC(C)C)NC(=O)C(NC(=O)C(CCCNC(=N)N)NC(=O)C(CCC(=O)O)NC(=O)C(N)CO)C(C)C)C(C)O)C(=O)NC(Cc1ccccc1)C(=O)O"
    },
    "SESSTIQEV": {
        "aa": "SESSTIQEV",
        "smile": "CCC(C)C(NC(=O)C(NC(=O)C(CO)NC(=O)C(CO)NC(=O)C(CCC(=O)O)NC(=O)C(N)CO)C(C)O)C(=O)NC(CCC(N)=O)C(=O)NC(CCC(=O)O)C(=O)NC(C(=O)O)C(C)C"
    },
    "AEQQGACPGL": {
        "aa": "AEQQGACPGL",
        "smile": "CC(C)CC(NC(=O)CNC(=O)C1CCCN1C(=O)C(CS)NC(=O)C(C)NC(=O)CNC(=O)C(CCC(N)=O)NC(=O)C(CCC(N)=O)NC(=O)C(CCC(=O)O)NC(=O)C(C)N)C(=O)O"
    },
    "EDNKHAPSSW": {
        "aa": "EDNKHAPSSW",
        "smile": "CC(NC(=O)C(Cc1c[nH]cn1)NC(=O)C(CCCCN)NC(=O)C(CC(N)=O)NC(=O)C(CC(=O)O)NC(=O)C(N)CCC(=O)O)C(=O)N1CCCC1C(=O)NC(CO)C(=O)NC(CO)C(=O)NC(Cc1c[nH]c2ccccc12)C(=O)O"
    },
    "EEFLDPSRPY": {
        "aa": "EEFLDPSRPY",
        "smile": "CC(C)CC(NC(=O)C(Cc1ccccc1)NC(=O)C(CCC(=O)O)NC(=O)C(N)CCC(=O)O)C(=O)NC(CC(=O)O)C(=O)N1CCCC1C(=O)NC(CO)C(=O)NC(CCCNC(=N)N)C(=O)N1CCCC1C(=O)NC(Cc1ccc(O)cc1)C(=O)O"
    },
    "EEVKEVFQAL": {
        "aa": "EEVKEVFQAL",
        "smile": "CC(C)CC(NC(=O)C(C)NC(=O)C(CCC(N)=O)NC(=O)C(Cc1ccccc1)NC(=O)C(NC(=O)C(CCC(=O)O)NC(=O)C(CCCCN)NC(=O)C(NC(=O)C(CCC(=O)O)NC(=O)C(N)CCC(=O)O)C(C)C)C(C)C)C(=O)O"
    },
    "GEIFAQRVSW": {
        "aa": "GEIFAQRVSW",
        "smile": "CCC(C)C(NC(=O)C(CCC(=O)O)NC(=O)CN)C(=O)NC(Cc1ccccc1)C(=O)NC(C)C(=O)NC(CCC(N)=O)C(=O)NC(CCCNC(=N)N)C(=O)NC(C(=O)NC(CO)C(=O)NC(Cc1c[nH]c2ccccc12)C(=O)O)C(C)C"
    },
    "GENGQNLVKW": {
        "aa": "GENGQNLVKW",
        "smile": "CC(C)CC(NC(=O)C(CC(N)=O)NC(=O)C(CCC(N)=O)NC(=O)CNC(=O)C(CC(N)=O)NC(=O)C(CCC(=O)O)NC(=O)CN)C(=O)NC(C(=O)NC(CCCCN)C(=O)NC(Cc1c[nH]c2ccccc12)C(=O)O)C(C)C"
    },
    "HEACNCGNTV": {
        "aa": "HEACNCGNTV",
        "smile": "CC(NC(=O)C(CCC(=O)O)NC(=O)C(N)Cc1c[nH]cn1)C(=O)NC(CS)C(=O)NC(CC(N)=O)C(=O)NC(CS)C(=O)NCC(=O)NC(CC(N)=O)C(=O)NC(C(=O)NC(C(=O)O)C(C)C)C(C)O"
    },
    "IENRYAVQDF": {
        "aa": "IENRYAVQDF",
        "smile": "CCC(C)C(N)C(=O)NC(CCC(=O)O)C(=O)NC(CC(N)=O)C(=O)NC(CCCNC(=N)N)C(=O)NC(Cc1ccc(O)cc1)C(=O)NC(C)C(=O)NC(C(=O)NC(CCC(N)=O)C(=O)NC(CC(=O)O)C(=O)NC(Cc1ccccc1)C(=O)O)C(C)C"
    },
    "KEEVKEVFQA": {
        "aa": "KEEVKEVFQA",
        "smile": "CC(NC(=O)C(CCC(N)=O)NC(=O)C(Cc1ccccc1)NC(=O)C(NC(=O)C(CCC(=O)O)NC(=O)C(CCCCN)NC(=O)C(NC(=O)C(CCC(=O)O)NC(=O)C(CCC(=O)O)NC(=O)C(N)CCCCN)C(C)C)C(C)C)C(=O)O"
    },
    "MENIEVYNEF": {
        "aa": "MENIEVYNEF",
        "smile": "CCC(C)C(NC(=O)C(CC(N)=O)NC(=O)C(CCC(=O)O)NC(=O)C(N)CCSC)C(=O)NC(CCC(=O)O)C(=O)NC(C(=O)NC(Cc1ccc(O)cc1)C(=O)NC(CC(N)=O)C(=O)NC(CCC(=O)O)C(=O)NC(Cc1ccccc1)C(=O)O)C(C)C"
    },
    "QEAWTAAAMY": {
        "aa": "QEAWTAAAMY",
        "smile": "CSCCC(NC(=O)C(C)NC(=O)C(C)NC(=O)C(C)NC(=O)C(NC(=O)C(Cc1c[nH]c2ccccc12)NC(=O)C(C)NC(=O)C(CCC(=O)O)NC(=O)C(N)CCC(N)=O)C(C)O)C(=O)NC(Cc1ccc(O)cc1)C(=O)O"
    },
    "REEQCLQWDL": {
        "aa": "REEQCLQWDL",
        "smile": "CC(C)CC(NC(=O)C(CC(=O)O)NC(=O)C(Cc1c[nH]c2ccccc12)NC(=O)C(CCC(N)=O)NC(=O)C(CC(C)C)NC(=O)C(CS)NC(=O)C(CCC(N)=O)NC(=O)C(CCC(=O)O)NC(=O)C(CCC(=O)O)NC(=O)C(N)CCCNC(=N)N)C(=O)O"
    },
    "REMLKRQERF": {
        "aa": "REMLKRQERF",
        "smile": "CSCCC(NC(=O)C(CCC(=O)O)NC(=O)C(N)CCCNC(=N)N)C(=O)NC(CC(C)C)C(=O)NC(CCCCN)C(=O)NC(CCCNC(=N)N)C(=O)NC(CCC(N)=O)C(=O)NC(CCC(=O)O)C(=O)NC(CCCNC(=N)N)C(=O)NC(Cc1ccccc1)C(=O)O"
    },
    "SEVAVSVLSA": {
        "aa": "SEVAVSVLSA",
        "smile": "CC(C)CC(NC(=O)C(NC(=O)C(CO)NC(=O)C(NC(=O)C(C)NC(=O)C(NC(=O)C(CCC(=O)O)NC(=O)C(N)CO)C(C)C)C(C)C)C(C)C)C(=O)NC(CO)C(=O)NC(C)C(=O)O"
    },
    "VEHINISQDW": {
        "aa": "VEHINISQDW",
        "smile": "CCC(C)C(NC(=O)C(CC(N)=O)NC(=O)C(NC(=O)C(Cc1c[nH]cn1)NC(=O)C(CCC(=O)O)NC(=O)C(N)C(C)C)C(C)CC)C(=O)NC(CO)C(=O)NC(CCC(N)=O)C(=O)NC(CC(=O)O)C(=O)NC(Cc1c[nH]c2ccccc12)C(=O)O"
    }
}